Driver,Team,LapNumber,LapTime,Stint,TyreLife,Compound,PitInTime,PitOutTime,SpeedI1,SpeedI2,SpeedFL,SpeedST,IsAccurate,LapTimeSeconds
VER,Red Bull Racing,2.0,0 days 00:01:33.433000,1.0,2.0,MEDIUM,,,290.0,255.0,244.0,291.0,True,93.433
VER,Red Bull Racing,3.0,0 days 00:01:32.730000,1.0,3.0,MEDIUM,,,311.0,259.0,245.0,318.0,True,92.73
VER,Red Bull Racing,4.0,0 days 00:01:32.780000,1.0,4.0,MEDIUM,,,313.0,259.0,245.0,316.0,True,92.78
VER,Red Bull Racing,5.0,0 days 00:01:32.582000,1.0,5.0,MEDIUM,,,320.0,254.0,244.0,288.0,True,92.582
VER,Red Bull Racing,6.0,0 days 00:01:33.027000,1.0,6.0,MEDIUM,,,290.0,255.0,245.0,285.0,True,93.027
VER,Red Bull Racing,7.0,0 days 00:01:33.100000,1.0,7.0,MEDIUM,,,292.0,255.0,245.0,287.0,True,93.1
VER,Red Bull Racing,8.0,0 days 00:01:32.884000,1.0,8.0,MEDIUM,,,293.0,256.0,245.0,287.0,True,92.884
VER,Red Bull Racing,9.0,0 days 00:01:32.822000,1.0,9.0,MEDIUM,,,291.0,257.0,246.0,288.0,True,92.822
VER,Red Bull Racing,10.0,0 days 00:01:32.594000,1.0,10.0,MEDIUM,,,293.0,257.0,245.0,287.0,True,92.594
VER,Red Bull Racing,11.0,0 days 00:01:32.597000,1.0,11.0,MEDIUM,,,292.0,256.0,246.0,287.0,True,92.597
VER,Red Bull Racing,12.0,0 days 00:01:32.687000,1.0,12.0,MEDIUM,,,293.0,256.0,244.0,288.0,True,92.687
VER,Red Bull Racing,13.0,0 days 00:01:32.678000,1.0,13.0,MEDIUM,,,293.0,256.0,244.0,287.0,True,92.678
VER,Red Bull Racing,14.0,0 days 00:01:33.046000,1.0,14.0,MEDIUM,,,289.0,255.0,246.0,289.0,True,93.046
VER,Red Bull Racing,15.0,0 days 00:01:32.990000,1.0,15.0,MEDIUM,,,289.0,255.0,245.0,290.0,True,92.99
VER,Red Bull Racing,16.0,0 days 00:01:32.808000,1.0,16.0,MEDIUM,,,291.0,257.0,245.0,291.0,True,92.808
VER,Red Bull Racing,17.0,0 days 00:01:32.603000,1.0,17.0,MEDIUM,,,289.0,256.0,246.0,290.0,True,92.603
VER,Red Bull Racing,18.0,0 days 00:01:32.507000,1.0,18.0,MEDIUM,,,290.0,256.0,245.0,293.0,True,92.507
VER,Red Bull Racing,19.0,0 days 00:01:32.338000,1.0,19.0,MEDIUM,,,290.0,256.0,246.0,291.0,True,92.338
VER,Red Bull Racing,20.0,0 days 00:01:32.295000,1.0,20.0,MEDIUM,,,290.0,257.0,247.0,293.0,True,92.295
VER,Red Bull Racing,21.0,0 days 00:01:32.494000,1.0,21.0,MEDIUM,,,290.0,256.0,247.0,292.0,True,92.494
VER,Red Bull Racing,22.0,0 days 00:01:32.184000,1.0,22.0,MEDIUM,,,290.0,257.0,246.0,292.0,True,92.184
VER,Red Bull Racing,23.0,0 days 00:01:32.272000,1.0,23.0,MEDIUM,,,290.0,256.0,246.0,294.0,True,92.272
VER,Red Bull Racing,24.0,0 days 00:01:32.350000,1.0,24.0,MEDIUM,,,291.0,257.0,246.0,294.0,True,92.35
VER,Red Bull Racing,25.0,0 days 00:01:32.295000,1.0,25.0,MEDIUM,,,289.0,257.0,247.0,297.0,True,92.295
VER,Red Bull Racing,26.0,0 days 00:01:32.276000,1.0,26.0,MEDIUM,,,288.0,257.0,247.0,292.0,True,92.276
VER,Red Bull Racing,27.0,0 days 00:01:32.138000,1.0,27.0,MEDIUM,,,290.0,257.0,247.0,294.0,True,92.138
VER,Red Bull Racing,28.0,0 days 00:01:32.215000,1.0,28.0,MEDIUM,,,289.0,256.0,248.0,295.0,True,92.215
VER,Red Bull Racing,29.0,0 days 00:01:32.251000,1.0,29.0,MEDIUM,,,290.0,257.0,248.0,295.0,True,92.251
VER,Red Bull Racing,30.0,0 days 00:01:32.363000,1.0,30.0,MEDIUM,,,289.0,257.0,247.0,293.0,True,92.363
VER,Red Bull Racing,31.0,0 days 00:01:32.388000,1.0,31.0,MEDIUM,,,289.0,258.0,248.0,293.0,True,92.388
VER,Red Bull Racing,32.0,0 days 00:01:32.210000,1.0,32.0,MEDIUM,,,289.0,259.0,248.0,293.0,True,92.21
VER,Red Bull Racing,39.0,0 days 00:01:30.348000,2.0,9.0,SOFT,,,298.0,260.0,249.0,289.0,True,90.348
VER,Red Bull Racing,40.0,0 days 00:01:30.547000,2.0,10.0,SOFT,,,291.0,261.0,249.0,290.0,True,90.547
VER,Red Bull Racing,41.0,0 days 00:01:30.688000,2.0,11.0,SOFT,,,294.0,261.0,250.0,294.0,True,90.688
VER,Red Bull Racing,42.0,0 days 00:01:30.275000,2.0,12.0,SOFT,,,294.0,264.0,250.0,293.0,True,90.275
VER,Red Bull Racing,43.0,0 days 00:01:30.535000,2.0,13.0,SOFT,,,295.0,262.0,248.0,294.0,True,90.535
VER,Red Bull Racing,44.0,0 days 00:01:30.648000,2.0,14.0,SOFT,,,295.0,262.0,250.0,293.0,True,90.648
VER,Red Bull Racing,45.0,0 days 00:01:31.342000,2.0,15.0,SOFT,,,297.0,261.0,247.0,291.0,True,91.342
VER,Red Bull Racing,46.0,0 days 00:01:31.114000,2.0,16.0,SOFT,,,298.0,262.0,248.0,293.0,True,91.114
VER,Red Bull Racing,47.0,0 days 00:01:31.148000,2.0,17.0,SOFT,,,297.0,263.0,249.0,292.0,True,91.148
VER,Red Bull Racing,48.0,0 days 00:01:31.400000,2.0,18.0,SOFT,,,297.0,260.0,249.0,289.0,True,91.4
VER,Red Bull Racing,49.0,0 days 00:01:31.218000,2.0,19.0,SOFT,,,299.0,261.0,249.0,290.0,True,91.218
VER,Red Bull Racing,50.0,0 days 00:01:31.292000,2.0,20.0,SOFT,,,299.0,262.0,249.0,291.0,True,91.292
VER,Red Bull Racing,51.0,0 days 00:01:31.397000,2.0,21.0,SOFT,,,299.0,262.0,250.0,290.0,True,91.397
VER,Red Bull Racing,52.0,0 days 00:01:30.975000,2.0,22.0,SOFT,,,299.0,262.0,249.0,291.0,True,90.975
GAS,Alpine,2.0,0 days 00:01:34.706000,1.0,2.0,MEDIUM,,,289.0,249.0,244.0,294.0,True,94.706
GAS,Alpine,3.0,0 days 00:01:33.605000,1.0,3.0,MEDIUM,,,306.0,253.0,244.0,317.0,True,93.605
GAS,Alpine,4.0,0 days 00:01:33.349000,1.0,4.0,MEDIUM,,,304.0,254.0,245.0,314.0,True,93.349
GAS,Alpine,5.0,0 days 00:01:33.863000,1.0,5.0,MEDIUM,,,302.0,251.0,244.0,293.0,True,93.863
GAS,Alpine,6.0,0 days 00:01:34.143000,1.0,6.0,MEDIUM,,,302.0,252.0,244.0,310.0,True,94.143
GAS,Alpine,7.0,0 days 00:01:34.399000,1.0,7.0,MEDIUM,,,302.0,253.0,243.0,313.0,True,94.399
GAS,Alpine,8.0,0 days 00:01:33.905000,1.0,8.0,MEDIUM,,,299.0,254.0,243.0,310.0,True,93.905
GAS,Alpine,9.0,0 days 00:01:33.592000,1.0,9.0,MEDIUM,,,300.0,253.0,244.0,311.0,True,93.592
GAS,Alpine,10.0,0 days 00:01:33.855000,1.0,10.0,MEDIUM,,,300.0,252.0,244.0,307.0,True,93.855
GAS,Alpine,11.0,0 days 00:01:33.836000,1.0,11.0,MEDIUM,,,298.0,252.0,242.0,305.0,True,93.836
GAS,Alpine,12.0,0 days 00:01:33.705000,1.0,12.0,MEDIUM,,,299.0,252.0,245.0,305.0,True,93.705
GAS,Alpine,13.0,0 days 00:01:33.683000,1.0,13.0,MEDIUM,,,299.0,253.0,245.0,304.0,True,93.683
GAS,Alpine,14.0,0 days 00:01:33.843000,1.0,14.0,MEDIUM,,,296.0,254.0,245.0,306.0,True,93.843
GAS,Alpine,15.0,0 days 00:01:33.769000,1.0,15.0,MEDIUM,,,313.0,255.0,245.0,307.0,True,93.769
GAS,Alpine,16.0,0 days 00:01:33.535000,1.0,16.0,MEDIUM,,,297.0,253.0,245.0,303.0,True,93.535
GAS,Alpine,17.0,0 days 00:01:33.138000,1.0,17.0,MEDIUM,,,298.0,254.0,244.0,306.0,True,93.138
GAS,Alpine,18.0,0 days 00:01:33.291000,1.0,18.0,MEDIUM,,,297.0,254.0,246.0,306.0,True,93.291
GAS,Alpine,19.0,0 days 00:01:33.199000,1.0,19.0,MEDIUM,,,316.0,255.0,246.0,307.0,True,93.199
GAS,Alpine,20.0,0 days 00:01:33.248000,1.0,20.0,MEDIUM,,,294.0,255.0,245.0,305.0,True,93.248
GAS,Alpine,21.0,0 days 00:01:33.098000,1.0,21.0,MEDIUM,,,294.0,254.0,245.0,306.0,True,93.098
GAS,Alpine,22.0,0 days 00:01:33.168000,1.0,22.0,MEDIUM,,,295.0,256.0,244.0,305.0,True,93.168
GAS,Alpine,23.0,0 days 00:01:32.846000,1.0,23.0,MEDIUM,,,296.0,255.0,244.0,307.0,True,92.846
GAS,Alpine,24.0,0 days 00:01:33.164000,1.0,24.0,MEDIUM,,,296.0,256.0,245.0,306.0,True,93.164
GAS,Alpine,25.0,0 days 00:01:33.098000,1.0,25.0,MEDIUM,,,295.0,256.0,246.0,306.0,True,93.098
GAS,Alpine,26.0,0 days 00:01:33.243000,1.0,26.0,MEDIUM,,,296.0,256.0,243.0,307.0,True,93.243
GAS,Alpine,27.0,0 days 00:01:32.988000,1.0,27.0,MEDIUM,,,280.0,255.0,246.0,305.0,True,92.988
GAS,Alpine,28.0,0 days 00:01:33.255000,1.0,28.0,MEDIUM,,,280.0,253.0,247.0,288.0,True,93.255
GAS,Alpine,29.0,0 days 00:01:33.283000,1.0,29.0,MEDIUM,,,280.0,254.0,247.0,286.0,True,93.283
GAS,Alpine,30.0,0 days 00:01:33.299000,1.0,30.0,MEDIUM,,,280.0,255.0,246.0,287.0,True,93.299
GAS,Alpine,39.0,0 days 00:01:32.980000,2.0,11.0,SOFT,,,293.0,255.0,250.0,297.0,True,92.98
GAS,Alpine,40.0,0 days 00:01:32.823000,2.0,12.0,SOFT,,,290.0,255.0,248.0,296.0,True,92.823
GAS,Alpine,41.0,0 days 00:01:31.827000,2.0,13.0,SOFT,,,305.0,257.0,248.0,315.0,True,91.827
GAS,Alpine,42.0,0 days 00:01:31.539000,2.0,14.0,SOFT,,,305.0,259.0,248.0,318.0,True,91.539
GAS,Alpine,43.0,0 days 00:01:31.648000,2.0,15.0,SOFT,,,305.0,259.0,248.0,316.0,True,91.648
GAS,Alpine,44.0,0 days 00:01:32.862000,2.0,16.0,SOFT,,,310.0,257.0,247.0,316.0,True,92.862
GAS,Alpine,45.0,0 days 00:01:36.665000,2.0,17.0,SOFT,,,307.0,259.0,120.0,308.0,True,96.665
PER,Red Bull Racing,2.0,0 days 00:01:35.482000,1.0,2.0,MEDIUM,,,291.0,253.0,243.0,297.0,True,95.482
PER,Red Bull Racing,3.0,0 days 00:01:34.380000,1.0,3.0,MEDIUM,,,318.0,256.0,243.0,324.0,True,94.38
PER,Red Bull Racing,4.0,0 days 00:01:34.339000,1.0,4.0,MEDIUM,,,312.0,253.0,244.0,326.0,True,94.339
PER,Red Bull Racing,5.0,0 days 00:01:34.073000,1.0,5.0,MEDIUM,,,310.0,254.0,243.0,296.0,True,94.073
PER,Red Bull Racing,6.0,0 days 00:01:33.671000,1.0,6.0,MEDIUM,,,309.0,257.0,244.0,326.0,True,93.671
PER,Red Bull Racing,7.0,0 days 00:01:33.919000,1.0,7.0,MEDIUM,,,288.0,255.0,243.0,295.0,True,93.919
PER,Red Bull Racing,8.0,0 days 00:01:33.568000,1.0,8.0,MEDIUM,,,291.0,256.0,245.0,299.0,True,93.568
PER,Red Bull Racing,9.0,0 days 00:01:33.271000,1.0,9.0,MEDIUM,,,309.0,260.0,244.0,330.0,True,93.271
PER,Red Bull Racing,10.0,0 days 00:01:33.364000,1.0,10.0,MEDIUM,,,291.0,255.0,245.0,296.0,True,93.364
PER,Red Bull Racing,11.0,0 days 00:01:33.547000,1.0,11.0,MEDIUM,,,300.0,258.0,242.0,320.0,True,93.547
PER,Red Bull Racing,12.0,0 days 00:01:33.429000,1.0,12.0,MEDIUM,,,312.0,257.0,245.0,327.0,True,93.429
PER,Red Bull Racing,13.0,0 days 00:01:33.452000,1.0,13.0,MEDIUM,,,289.0,256.0,246.0,291.0,True,93.452
PER,Red Bull Racing,14.0,0 days 00:01:33.751000,1.0,14.0,MEDIUM,,,298.0,254.0,245.0,304.0,True,93.751
PER,Red Bull Racing,15.0,0 days 00:01:33.480000,1.0,15.0,MEDIUM,,,307.0,256.0,245.0,318.0,True,93.48
PER,Red Bull Racing,16.0,0 days 00:01:33.055000,1.0,16.0,MEDIUM,,,310.0,259.0,246.0,329.0,True,93.055
PER,Red Bull Racing,17.0,0 days 00:01:33.280000,1.0,17.0,MEDIUM,,,287.0,255.0,245.0,293.0,True,93.28
PER,Red Bull Racing,18.0,0 days 00:01:33.099000,1.0,18.0,MEDIUM,,,289.0,255.0,246.0,298.0,True,93.099
PER,Red Bull Racing,19.0,0 days 00:01:33.276000,1.0,19.0,MEDIUM,,,286.0,253.0,245.0,292.0,True,93.276
PER,Red Bull Racing,20.0,0 days 00:01:33.202000,1.0,20.0,MEDIUM,,,289.0,255.0,246.0,295.0,True,93.202
PER,Red Bull Racing,21.0,0 days 00:01:33.233000,1.0,21.0,MEDIUM,,,288.0,255.0,246.0,296.0,True,93.233
PER,Red Bull Racing,22.0,0 days 00:01:33.026000,1.0,22.0,MEDIUM,,,289.0,258.0,246.0,297.0,True,93.026
PER,Red Bull Racing,23.0,0 days 00:01:33.262000,1.0,23.0,MEDIUM,,,287.0,255.0,245.0,293.0,True,93.262
PER,Red Bull Racing,24.0,0 days 00:01:32.726000,1.0,24.0,MEDIUM,,,291.0,256.0,246.0,301.0,True,92.726
PER,Red Bull Racing,25.0,0 days 00:01:32.907000,1.0,25.0,MEDIUM,,,290.0,257.0,247.0,300.0,True,92.907
PER,Red Bull Racing,26.0,0 days 00:01:32.962000,1.0,26.0,MEDIUM,,,290.0,256.0,247.0,299.0,True,92.962
PER,Red Bull Racing,27.0,0 days 00:01:32.742000,1.0,27.0,MEDIUM,,,289.0,255.0,248.0,303.0,True,92.742
PER,Red Bull Racing,30.0,0 days 00:01:31.408000,2.0,2.0,SOFT,,,286.0,258.0,247.0,294.0,True,91.408
PER,Red Bull Racing,31.0,0 days 00:01:31.532000,2.0,3.0,SOFT,,,288.0,259.0,247.0,298.0,True,91.532
PER,Red Bull Racing,39.0,0 days 00:01:32.503000,2.0,11.0,SOFT,,,307.0,261.0,249.0,315.0,True,92.503
PER,Red Bull Racing,40.0,0 days 00:01:31.909000,2.0,12.0,SOFT,,,294.0,258.0,248.0,302.0,True,91.909
PER,Red Bull Racing,41.0,0 days 00:01:31.391000,2.0,13.0,SOFT,,,321.0,263.0,248.0,332.0,True,91.391
PER,Red Bull Racing,42.0,0 days 00:01:31.716000,2.0,14.0,SOFT,,,316.0,263.0,248.0,338.0,True,91.716
PER,Red Bull Racing,43.0,0 days 00:01:32.005000,2.0,15.0,SOFT,,,321.0,263.0,247.0,334.0,True,92.005
PER,Red Bull Racing,44.0,0 days 00:01:31.712000,2.0,16.0,SOFT,,,293.0,260.0,248.0,300.0,True,91.712
PER,Red Bull Racing,45.0,0 days 00:01:31.571000,2.0,17.0,SOFT,,,317.0,265.0,246.0,327.0,True,91.571
PER,Red Bull Racing,46.0,0 days 00:01:31.675000,2.0,18.0,SOFT,,,318.0,264.0,247.0,331.0,True,91.675
PER,Red Bull Racing,47.0,0 days 00:01:31.505000,2.0,19.0,SOFT,,,296.0,261.0,249.0,299.0,True,91.505
PER,Red Bull Racing,48.0,0 days 00:01:31.209000,2.0,20.0,SOFT,,,295.0,261.0,249.0,297.0,True,91.209
PER,Red Bull Racing,49.0,0 days 00:01:31.360000,2.0,21.0,SOFT,,,300.0,261.0,250.0,297.0,True,91.36
PER,Red Bull Racing,50.0,0 days 00:01:31.139000,2.0,22.0,SOFT,,,300.0,260.0,248.0,299.0,True,91.139
PER,Red Bull Racing,51.0,0 days 00:01:30.914000,2.0,23.0,SOFT,,,300.0,260.0,250.0,296.0,True,90.914
PER,Red Bull Racing,52.0,0 days 00:01:31.188000,2.0,24.0,SOFT,,,305.0,261.0,250.0,304.0,True,91.188
ALO,Aston Martin,2.0,0 days 00:01:34.419000,1.0,3.0,MEDIUM,,,293.0,254.0,244.0,301.0,True,94.419
ALO,Aston Martin,3.0,0 days 00:01:33.424000,1.0,4.0,MEDIUM,,,314.0,257.0,244.0,319.0,True,93.424
ALO,Aston Martin,4.0,0 days 00:01:33.156000,1.0,5.0,MEDIUM,,,313.0,255.0,244.0,322.0,True,93.156
ALO,Aston Martin,5.0,0 days 00:01:34.157000,1.0,6.0,MEDIUM,,,297.0,254.0,244.0,309.0,True,94.157
ALO,Aston Martin,6.0,0 days 00:01:34.636000,1.0,7.0,MEDIUM,,,305.0,252.0,244.0,300.0,True,94.636
ALO,Aston Martin,7.0,0 days 00:01:34.645000,1.0,8.0,MEDIUM,,,297.0,255.0,244.0,319.0,True,94.645
ALO,Aston Martin,8.0,0 days 00:01:34.019000,1.0,9.0,MEDIUM,,,299.0,253.0,243.0,304.0,True,94.019
ALO,Aston Martin,9.0,0 days 00:01:33.657000,1.0,10.0,MEDIUM,,,299.0,254.0,244.0,306.0,True,93.657
ALO,Aston Martin,10.0,0 days 00:01:33.711000,1.0,11.0,MEDIUM,,,298.0,254.0,246.0,301.0,True,93.711
ALO,Aston Martin,11.0,0 days 00:01:33.737000,1.0,12.0,MEDIUM,,,297.0,253.0,245.0,301.0,True,93.737
ALO,Aston Martin,12.0,0 days 00:01:33.951000,1.0,13.0,MEDIUM,,,297.0,253.0,245.0,298.0,True,93.951
ALO,Aston Martin,13.0,0 days 00:01:33.565000,1.0,14.0,MEDIUM,,,297.0,255.0,245.0,296.0,True,93.565
ALO,Aston Martin,14.0,0 days 00:01:33.880000,1.0,15.0,MEDIUM,,,294.0,253.0,245.0,297.0,True,93.88
ALO,Aston Martin,15.0,0 days 00:01:33.736000,1.0,16.0,MEDIUM,,,294.0,255.0,246.0,299.0,True,93.736
ALO,Aston Martin,16.0,0 days 00:01:33.437000,1.0,17.0,MEDIUM,,,294.0,254.0,246.0,298.0,True,93.437
ALO,Aston Martin,17.0,0 days 00:01:33.188000,1.0,18.0,MEDIUM,,,296.0,255.0,245.0,302.0,True,93.188
ALO,Aston Martin,18.0,0 days 00:01:33.317000,1.0,19.0,MEDIUM,,,295.0,255.0,247.0,300.0,True,93.317
ALO,Aston Martin,19.0,0 days 00:01:33.185000,1.0,20.0,MEDIUM,,,294.0,255.0,247.0,301.0,True,93.185
ALO,Aston Martin,20.0,0 days 00:01:33.016000,1.0,21.0,MEDIUM,,,295.0,253.0,247.0,300.0,True,93.016
ALO,Aston Martin,21.0,0 days 00:01:33.190000,1.0,22.0,MEDIUM,,,294.0,254.0,247.0,300.0,True,93.19
ALO,Aston Martin,22.0,0 days 00:01:33.092000,1.0,23.0,MEDIUM,,,294.0,255.0,247.0,300.0,True,93.092
ALO,Aston Martin,23.0,0 days 00:01:33.026000,1.0,24.0,MEDIUM,,,293.0,255.0,247.0,299.0,True,93.026
ALO,Aston Martin,24.0,0 days 00:01:33.017000,1.0,25.0,MEDIUM,,,294.0,254.0,247.0,301.0,True,93.017
ALO,Aston Martin,25.0,0 days 00:01:33.078000,1.0,26.0,MEDIUM,,,294.0,256.0,247.0,299.0,True,93.078
ALO,Aston Martin,26.0,0 days 00:01:33.152000,1.0,27.0,MEDIUM,,,295.0,255.0,248.0,303.0,True,93.152
ALO,Aston Martin,27.0,0 days 00:01:32.914000,1.0,28.0,MEDIUM,,,294.0,255.0,248.0,301.0,True,92.914
ALO,Aston Martin,28.0,0 days 00:01:32.744000,1.0,29.0,MEDIUM,,,294.0,254.0,248.0,302.0,True,92.744
ALO,Aston Martin,29.0,0 days 00:01:32.727000,1.0,30.0,MEDIUM,,,294.0,256.0,249.0,300.0,True,92.727
ALO,Aston Martin,30.0,0 days 00:01:32.686000,1.0,31.0,MEDIUM,,,294.0,256.0,248.0,300.0,True,92.686
ALO,Aston Martin,31.0,0 days 00:01:32.916000,1.0,32.0,MEDIUM,,,294.0,255.0,248.0,302.0,True,92.916
ALO,Aston Martin,39.0,0 days 00:01:32.320000,2.0,9.0,SOFT,,,292.0,260.0,249.0,304.0,True,92.32
ALO,Aston Martin,40.0,0 days 00:01:31.691000,2.0,10.0,SOFT,,,307.0,260.0,250.0,312.0,True,91.691
ALO,Aston Martin,41.0,0 days 00:01:31.652000,2.0,11.0,SOFT,,,318.0,261.0,249.0,312.0,True,91.652
ALO,Aston Martin,42.0,0 days 00:01:31.829000,2.0,12.0,SOFT,,,300.0,259.0,250.0,306.0,True,91.829
ALO,Aston Martin,43.0,0 days 00:01:31.747000,2.0,13.0,SOFT,,,302.0,258.0,249.0,306.0,True,91.747
ALO,Aston Martin,44.0,0 days 00:01:32.131000,2.0,14.0,SOFT,,,302.0,257.0,248.0,306.0,True,92.131
ALO,Aston Martin,45.0,0 days 00:01:32.036000,2.0,15.0,SOFT,,,302.0,261.0,247.0,309.0,True,92.036
ALO,Aston Martin,46.0,0 days 00:01:32.891000,2.0,16.0,SOFT,,,299.0,260.0,246.0,308.0,True,92.891
ALO,Aston Martin,47.0,0 days 00:01:31.828000,2.0,17.0,SOFT,,,316.0,261.0,248.0,321.0,True,91.828
ALO,Aston Martin,48.0,0 days 00:01:31.338000,2.0,18.0,SOFT,,,315.0,261.0,248.0,318.0,True,91.338
ALO,Aston Martin,49.0,0 days 00:01:32.075000,2.0,19.0,SOFT,,,303.0,260.0,249.0,302.0,True,92.075
ALO,Aston Martin,50.0,0 days 00:01:31.999000,2.0,20.0,SOFT,,,303.0,260.0,249.0,305.0,True,91.999
ALO,Aston Martin,51.0,0 days 00:01:31.930000,2.0,21.0,SOFT,,,301.0,261.0,249.0,301.0,True,91.93
ALO,Aston Martin,52.0,0 days 00:01:31.711000,2.0,22.0,SOFT,,,303.0,260.0,249.0,304.0,True,91.711
LEC,Ferrari,2.0,0 days 00:01:33.994000,1.0,2.0,MEDIUM,,,295.0,255.0,245.0,300.0,True,93.994
LEC,Ferrari,3.0,0 days 00:01:32.934000,1.0,3.0,MEDIUM,,,309.0,254.0,247.0,303.0,True,92.934
LEC,Ferrari,4.0,0 days 00:01:32.961000,1.0,4.0,MEDIUM,,,297.0,252.0,247.0,298.0,True,92.961
LEC,Ferrari,5.0,0 days 00:01:34.409000,1.0,5.0,MEDIUM,,,304.0,253.0,246.0,290.0,True,94.409
LEC,Ferrari,6.0,0 days 00:01:33.761000,1.0,6.0,MEDIUM,,,290.0,252.0,246.0,291.0,True,93.761
LEC,Ferrari,7.0,0 days 00:01:33.403000,1.0,7.0,MEDIUM,,,291.0,254.0,245.0,296.0,True,93.403
LEC,Ferrari,8.0,0 days 00:01:33.244000,1.0,8.0,MEDIUM,,,292.0,255.0,246.0,296.0,True,93.244
LEC,Ferrari,9.0,0 days 00:01:33.087000,1.0,9.0,MEDIUM,,,292.0,254.0,246.0,300.0,True,93.087
LEC,Ferrari,10.0,0 days 00:01:33.167000,1.0,10.0,MEDIUM,,,293.0,252.0,246.0,293.0,True,93.167
LEC,Ferrari,11.0,0 days 00:01:33.048000,1.0,11.0,MEDIUM,,,291.0,254.0,246.0,293.0,True,93.048
LEC,Ferrari,12.0,0 days 00:01:33.621000,1.0,12.0,MEDIUM,,,291.0,253.0,246.0,293.0,True,93.621
LEC,Ferrari,13.0,0 days 00:01:33.214000,1.0,13.0,MEDIUM,,,292.0,253.0,245.0,291.0,True,93.214
LEC,Ferrari,14.0,0 days 00:01:33.523000,1.0,14.0,MEDIUM,,,295.0,253.0,246.0,300.0,True,93.523
LEC,Ferrari,15.0,0 days 00:01:33.542000,1.0,15.0,MEDIUM,,,292.0,253.0,246.0,297.0,True,93.542
LEC,Ferrari,16.0,0 days 00:01:33.248000,1.0,16.0,MEDIUM,,,293.0,254.0,247.0,303.0,True,93.248
LEC,Ferrari,17.0,0 days 00:01:33.151000,1.0,17.0,MEDIUM,,,291.0,255.0,245.0,298.0,True,93.151
LEC,Ferrari,20.0,0 days 00:01:32.870000,2.0,2.0,HARD,,,289.0,253.0,248.0,296.0,True,92.87
LEC,Ferrari,21.0,0 days 00:01:32.848000,2.0,3.0,HARD,,,289.0,254.0,248.0,297.0,True,92.848
LEC,Ferrari,22.0,0 days 00:01:33.035000,2.0,4.0,HARD,,,291.0,254.0,248.0,298.0,True,93.035
LEC,Ferrari,23.0,0 days 00:01:32.554000,2.0,5.0,HARD,,,294.0,256.0,247.0,302.0,True,92.554
LEC,Ferrari,24.0,0 days 00:01:32.731000,2.0,6.0,HARD,,,293.0,258.0,247.0,322.0,True,92.731
LEC,Ferrari,25.0,0 days 00:01:32.798000,2.0,7.0,HARD,,,311.0,261.0,247.0,326.0,True,92.798
LEC,Ferrari,26.0,0 days 00:01:32.794000,2.0,8.0,HARD,,,292.0,255.0,247.0,301.0,True,92.794
LEC,Ferrari,27.0,0 days 00:01:32.942000,2.0,9.0,HARD,,,292.0,250.0,248.0,301.0,True,92.942
LEC,Ferrari,28.0,0 days 00:01:32.814000,2.0,10.0,HARD,,,291.0,255.0,249.0,300.0,True,92.814
LEC,Ferrari,29.0,0 days 00:01:32.658000,2.0,11.0,HARD,,,292.0,256.0,249.0,300.0,True,92.658
LEC,Ferrari,30.0,0 days 00:01:32.464000,2.0,12.0,HARD,,,293.0,257.0,249.0,301.0,True,92.464
LEC,Ferrari,31.0,0 days 00:01:33.233000,2.0,13.0,HARD,,,296.0,260.0,249.0,324.0,True,93.233
LEC,Ferrari,39.0,0 days 00:01:32.500000,3.0,7.0,MEDIUM,,,304.0,259.0,250.0,305.0,True,92.5
LEC,Ferrari,40.0,0 days 00:01:32.234000,3.0,8.0,MEDIUM,,,298.0,259.0,251.0,311.0,True,92.234
LEC,Ferrari,41.0,0 days 00:01:31.286000,3.0,9.0,MEDIUM,,,320.0,264.0,251.0,330.0,True,91.286
LEC,Ferrari,42.0,0 days 00:01:31.926000,3.0,10.0,MEDIUM,,,318.0,255.0,252.0,328.0,True,91.926
LEC,Ferrari,43.0,0 days 00:01:32.052000,3.0,11.0,MEDIUM,,,319.0,262.0,248.0,326.0,True,92.052
LEC,Ferrari,44.0,0 days 00:01:32.815000,3.0,12.0,MEDIUM,,,322.0,256.0,250.0,297.0,True,92.815
LEC,Ferrari,45.0,0 days 00:01:31.900000,3.0,13.0,MEDIUM,,,299.0,260.0,248.0,301.0,True,91.9
LEC,Ferrari,46.0,0 days 00:01:31.850000,3.0,14.0,MEDIUM,,,296.0,259.0,248.0,303.0,True,91.85
LEC,Ferrari,47.0,0 days 00:01:31.360000,3.0,15.0,MEDIUM,,,299.0,258.0,250.0,309.0,True,91.36
LEC,Ferrari,48.0,0 days 00:01:31.255000,3.0,16.0,MEDIUM,,,315.0,263.0,250.0,325.0,True,91.255
LEC,Ferrari,49.0,0 days 00:01:31.781000,3.0,17.0,MEDIUM,,,317.0,260.0,248.0,319.0,True,91.781
LEC,Ferrari,50.0,0 days 00:01:31.716000,3.0,18.0,MEDIUM,,,315.0,260.0,250.0,325.0,True,91.716
LEC,Ferrari,51.0,0 days 00:01:31.763000,3.0,19.0,MEDIUM,,,318.0,264.0,251.0,329.0,True,91.763
LEC,Ferrari,52.0,0 days 00:01:32.257000,3.0,20.0,MEDIUM,,,331.0,263.0,247.0,322.0,True,92.257
STR,Aston Martin,2.0,0 days 00:01:35.093000,1.0,3.0,MEDIUM,,,291.0,253.0,245.0,298.0,True,95.093
STR,Aston Martin,3.0,0 days 00:01:34.021000,1.0,4.0,MEDIUM,,,314.0,256.0,243.0,320.0,True,94.021
STR,Aston Martin,4.0,0 days 00:01:33.799000,1.0,5.0,MEDIUM,,,304.0,256.0,244.0,320.0,True,93.799
STR,Aston Martin,5.0,0 days 00:01:33.856000,1.0,6.0,MEDIUM,,,312.0,256.0,245.0,319.0,True,93.856
STR,Aston Martin,6.0,0 days 00:01:34.189000,1.0,7.0,MEDIUM,,,312.0,255.0,245.0,318.0,True,94.189
STR,Aston Martin,7.0,0 days 00:01:34.115000,1.0,8.0,MEDIUM,,,313.0,255.0,244.0,322.0,True,94.115
STR,Aston Martin,8.0,0 days 00:01:33.872000,1.0,9.0,MEDIUM,,,309.0,256.0,245.0,321.0,True,93.872
STR,Aston Martin,9.0,0 days 00:01:33.871000,1.0,10.0,MEDIUM,,,307.0,256.0,246.0,320.0,True,93.871
STR,Aston Martin,10.0,0 days 00:01:34.007000,1.0,11.0,MEDIUM,,,310.0,255.0,245.0,318.0,True,94.007
STR,Aston Martin,11.0,0 days 00:01:34.198000,1.0,12.0,MEDIUM,,,297.0,254.0,245.0,302.0,True,94.198
STR,Aston Martin,12.0,0 days 00:01:34.766000,1.0,13.0,MEDIUM,,,297.0,254.0,245.0,299.0,True,94.766
STR,Aston Martin,13.0,0 days 00:01:34.308000,1.0,14.0,MEDIUM,,,302.0,253.0,246.0,294.0,True,94.308
STR,Aston Martin,14.0,0 days 00:01:34.213000,1.0,15.0,MEDIUM,,,293.0,253.0,245.0,297.0,True,94.213
STR,Aston Martin,15.0,0 days 00:01:33.931000,1.0,16.0,MEDIUM,,,295.0,253.0,246.0,303.0,True,93.931
STR,Aston Martin,16.0,0 days 00:01:33.798000,1.0,17.0,MEDIUM,,,293.0,254.0,246.0,301.0,True,93.798
STR,Aston Martin,17.0,0 days 00:01:33.651000,1.0,18.0,MEDIUM,,,296.0,255.0,245.0,301.0,True,93.651
STR,Aston Martin,18.0,0 days 00:01:33.294000,1.0,19.0,MEDIUM,,,295.0,254.0,246.0,300.0,True,93.294
STR,Aston Martin,19.0,0 days 00:01:33.338000,1.0,20.0,MEDIUM,,,296.0,256.0,247.0,302.0,True,93.338
STR,Aston Martin,20.0,0 days 00:01:33.489000,1.0,21.0,MEDIUM,,,297.0,253.0,247.0,301.0,True,93.489
STR,Aston Martin,21.0,0 days 00:01:33.498000,1.0,22.0,MEDIUM,,,298.0,253.0,246.0,304.0,True,93.498
STR,Aston Martin,22.0,0 days 00:01:33.431000,1.0,23.0,MEDIUM,,,296.0,254.0,247.0,301.0,True,93.431
STR,Aston Martin,23.0,0 days 00:01:33.114000,1.0,24.0,MEDIUM,,,297.0,255.0,247.0,304.0,True,93.114
STR,Aston Martin,24.0,0 days 00:01:33.391000,1.0,25.0,MEDIUM,,,295.0,255.0,247.0,301.0,True,93.391
STR,Aston Martin,25.0,0 days 00:01:34.280000,1.0,26.0,MEDIUM,,,297.0,256.0,245.0,303.0,True,94.28
STR,Aston Martin,26.0,0 days 00:01:33.557000,1.0,27.0,MEDIUM,,,312.0,255.0,247.0,304.0,True,93.557
STR,Aston Martin,27.0,0 days 00:01:33.237000,1.0,28.0,MEDIUM,,,298.0,252.0,248.0,305.0,True,93.237
STR,Aston Martin,28.0,0 days 00:01:33.260000,1.0,29.0,MEDIUM,,,299.0,254.0,247.0,305.0,True,93.26
STR,Aston Martin,29.0,0 days 00:01:33.702000,1.0,30.0,MEDIUM,,,312.0,255.0,248.0,302.0,True,93.702
STR,Aston Martin,30.0,0 days 00:01:34.014000,1.0,31.0,MEDIUM,,,279.0,257.0,247.0,323.0,True,94.014
STR,Aston Martin,39.0,0 days 00:01:32.306000,2.0,11.0,SOFT,,,301.0,260.0,249.0,318.0,True,92.306
STR,Aston Martin,40.0,0 days 00:01:32.320000,2.0,12.0,SOFT,,,295.0,259.0,248.0,302.0,True,92.32
STR,Aston Martin,41.0,0 days 00:01:31.707000,2.0,13.0,SOFT,,,305.0,261.0,249.0,314.0,True,91.707
STR,Aston Martin,42.0,0 days 00:01:31.508000,2.0,14.0,SOFT,,,309.0,258.0,249.0,333.0,True,91.508
STR,Aston Martin,43.0,0 days 00:01:31.803000,2.0,15.0,SOFT,,,320.0,261.0,244.0,329.0,True,91.803
STR,Aston Martin,44.0,0 days 00:01:34.010000,2.0,16.0,SOFT,,,319.0,257.0,247.0,332.0,True,94.01
STR,Aston Martin,45.0,0 days 00:01:33.008000,2.0,17.0,SOFT,,,319.0,263.0,243.0,329.0,True,93.008
STR,Aston Martin,46.0,0 days 00:01:31.998000,2.0,18.0,SOFT,,,300.0,260.0,247.0,307.0,True,91.998
STR,Aston Martin,47.0,0 days 00:01:31.768000,2.0,19.0,SOFT,,,302.0,258.0,248.0,304.0,True,91.768
STR,Aston Martin,48.0,0 days 00:01:31.745000,2.0,20.0,SOFT,,,303.0,259.0,247.0,308.0,True,91.745
STR,Aston Martin,49.0,0 days 00:01:31.860000,2.0,21.0,SOFT,,,300.0,259.0,250.0,303.0,True,91.86
STR,Aston Martin,50.0,0 days 00:01:31.794000,2.0,22.0,SOFT,,,305.0,257.0,247.0,308.0,True,91.794
STR,Aston Martin,51.0,0 days 00:01:31.691000,2.0,23.0,SOFT,,,303.0,258.0,250.0,306.0,True,91.691
STR,Aston Martin,52.0,0 days 00:01:32.138000,2.0,24.0,SOFT,,,304.0,258.0,248.0,308.0,True,92.138
SAR,Williams,2.0,0 days 00:01:36.266000,1.0,2.0,MEDIUM,,,298.0,252.0,245.0,306.0,True,96.266
SAR,Williams,3.0,0 days 00:01:34.577000,1.0,3.0,MEDIUM,,,314.0,253.0,243.0,328.0,True,94.577
SAR,Williams,4.0,0 days 00:01:34.332000,1.0,4.0,MEDIUM,,,318.0,255.0,244.0,326.0,True,94.332
SAR,Williams,5.0,0 days 00:01:34.842000,1.0,5.0,MEDIUM,,,313.0,256.0,244.0,327.0,True,94.842
SAR,Williams,6.0,0 days 00:01:34.356000,1.0,6.0,MEDIUM,,,312.0,257.0,244.0,319.0,True,94.356
SAR,Williams,7.0,0 days 00:01:34.581000,1.0,7.0,MEDIUM,,,298.0,254.0,243.0,305.0,True,94.581
SAR,Williams,8.0,0 days 00:01:34.108000,1.0,8.0,MEDIUM,,,298.0,253.0,245.0,306.0,True,94.108
SAR,Williams,9.0,0 days 00:01:33.940000,1.0,9.0,MEDIUM,,,312.0,256.0,245.0,324.0,True,93.94
SAR,Williams,10.0,0 days 00:01:34.310000,1.0,10.0,MEDIUM,,,314.0,255.0,246.0,321.0,True,94.31
SAR,Williams,11.0,0 days 00:01:33.925000,1.0,11.0,MEDIUM,,,312.0,258.0,245.0,321.0,True,93.925
SAR,Williams,12.0,0 days 00:01:34.239000,1.0,12.0,MEDIUM,,,313.0,255.0,245.0,318.0,True,94.239
SAR,Williams,13.0,0 days 00:01:34.329000,1.0,13.0,MEDIUM,,,312.0,258.0,245.0,319.0,True,94.329
SAR,Williams,14.0,0 days 00:01:33.683000,1.0,14.0,MEDIUM,,,312.0,253.0,247.0,299.0,True,93.683
SAR,Williams,15.0,0 days 00:01:34.123000,1.0,15.0,MEDIUM,,,295.0,252.0,246.0,300.0,True,94.123
SAR,Williams,16.0,0 days 00:01:33.771000,1.0,16.0,MEDIUM,,,295.0,254.0,246.0,301.0,True,93.771
SAR,Williams,17.0,0 days 00:01:33.728000,1.0,17.0,MEDIUM,,,295.0,253.0,245.0,300.0,True,93.728
SAR,Williams,18.0,0 days 00:01:33.465000,1.0,18.0,MEDIUM,,,297.0,254.0,246.0,301.0,True,93.465
SAR,Williams,19.0,0 days 00:01:33.573000,1.0,19.0,MEDIUM,,,296.0,254.0,246.0,304.0,True,93.573
SAR,Williams,20.0,0 days 00:01:33.387000,1.0,20.0,MEDIUM,,,296.0,253.0,246.0,304.0,True,93.387
SAR,Williams,21.0,0 days 00:01:33.458000,1.0,21.0,MEDIUM,,,295.0,254.0,246.0,303.0,True,93.458
SAR,Williams,22.0,0 days 00:01:33.479000,1.0,22.0,MEDIUM,,,296.0,254.0,246.0,303.0,True,93.479
SAR,Williams,23.0,0 days 00:01:33.212000,1.0,23.0,MEDIUM,,,295.0,256.0,246.0,302.0,True,93.212
SAR,Williams,24.0,0 days 00:01:33.502000,1.0,24.0,MEDIUM,,,296.0,253.0,246.0,304.0,True,93.502
SAR,Williams,25.0,0 days 00:01:33.508000,1.0,25.0,MEDIUM,,,296.0,255.0,247.0,302.0,True,93.508
SAR,Williams,26.0,0 days 00:01:33.553000,1.0,26.0,MEDIUM,,,297.0,255.0,246.0,304.0,True,93.553
SAR,Williams,27.0,0 days 00:01:33.731000,1.0,27.0,MEDIUM,,,311.0,253.0,248.0,304.0,True,93.731
SAR,Williams,28.0,0 days 00:01:33.490000,1.0,28.0,MEDIUM,,,297.0,251.0,248.0,304.0,True,93.49
SAR,Williams,31.0,0 days 00:01:31.994000,2.0,2.0,SOFT,,,295.0,257.0,249.0,306.0,True,91.994
SAR,Williams,39.0,0 days 00:01:32.794000,2.0,10.0,SOFT,,,308.0,260.0,248.0,313.0,True,92.794
SAR,Williams,40.0,0 days 00:01:32.949000,2.0,11.0,SOFT,,,301.0,259.0,249.0,312.0,True,92.949
SAR,Williams,41.0,0 days 00:01:31.840000,2.0,12.0,SOFT,,,320.0,263.0,250.0,332.0,True,91.84
SAR,Williams,42.0,0 days 00:01:31.699000,2.0,13.0,SOFT,,,318.0,262.0,250.0,332.0,True,91.699
SAR,Williams,43.0,0 days 00:01:31.743000,2.0,14.0,SOFT,,,322.0,259.0,249.0,316.0,True,91.743
SAR,Williams,44.0,0 days 00:01:32.849000,2.0,15.0,SOFT,,,322.0,256.0,248.0,331.0,True,92.849
SAR,Williams,45.0,0 days 00:01:32.724000,2.0,16.0,SOFT,,,325.0,261.0,247.0,328.0,True,92.724
SAR,Williams,46.0,0 days 00:01:32.421000,2.0,17.0,SOFT,,,321.0,262.0,247.0,327.0,True,92.421
SAR,Williams,47.0,0 days 00:01:31.868000,2.0,18.0,SOFT,,,318.0,263.0,246.0,325.0,True,91.868
SAR,Williams,48.0,0 days 00:01:31.710000,2.0,19.0,SOFT,,,318.0,262.0,247.0,325.0,True,91.71
SAR,Williams,49.0,0 days 00:01:31.873000,2.0,20.0,SOFT,,,319.0,262.0,249.0,326.0,True,91.873
SAR,Williams,50.0,0 days 00:01:32.085000,2.0,21.0,SOFT,,,318.0,258.0,248.0,307.0,True,92.085
SAR,Williams,51.0,0 days 00:01:31.956000,2.0,22.0,SOFT,,,304.0,257.0,249.0,312.0,True,91.956
SAR,Williams,52.0,0 days 00:01:31.984000,2.0,23.0,SOFT,,,304.0,260.0,249.0,313.0,True,91.984
MAG,Haas F1 Team,2.0,0 days 00:01:36.337000,1.0,2.0,MEDIUM,,,299.0,252.0,243.0,299.0,True,96.337
MAG,Haas F1 Team,3.0,0 days 00:01:35.169000,1.0,3.0,MEDIUM,,,313.0,254.0,243.0,322.0,True,95.169
MAG,Haas F1 Team,4.0,0 days 00:01:34.731000,1.0,4.0,MEDIUM,,,312.0,254.0,242.0,322.0,True,94.731
MAG,Haas F1 Team,5.0,0 days 00:01:34.598000,1.0,5.0,MEDIUM,,,311.0,253.0,243.0,318.0,True,94.598
MAG,Haas F1 Team,6.0,0 days 00:01:34.933000,1.0,6.0,MEDIUM,,,310.0,254.0,242.0,316.0,True,94.933
MAG,Haas F1 Team,7.0,0 days 00:01:34.950000,1.0,7.0,MEDIUM,,,311.0,253.0,243.0,319.0,True,94.95
MAG,Haas F1 Team,8.0,0 days 00:01:34.427000,1.0,8.0,MEDIUM,,,310.0,255.0,243.0,321.0,True,94.427
MAG,Haas F1 Team,9.0,0 days 00:01:34.577000,1.0,9.0,MEDIUM,,,309.0,252.0,243.0,319.0,True,94.577
MAG,Haas F1 Team,10.0,0 days 00:01:34.715000,1.0,10.0,MEDIUM,,,308.0,249.0,244.0,297.0,True,94.715
MAG,Haas F1 Team,11.0,0 days 00:01:34.310000,1.0,11.0,MEDIUM,,,292.0,252.0,243.0,299.0,True,94.31
MAG,Haas F1 Team,12.0,0 days 00:01:34.544000,1.0,12.0,MEDIUM,,,291.0,248.0,243.0,292.0,True,94.544
MAG,Haas F1 Team,13.0,0 days 00:01:34.339000,1.0,13.0,MEDIUM,,,289.0,251.0,244.0,291.0,True,94.339
MAG,Haas F1 Team,14.0,0 days 00:01:35.024000,1.0,14.0,MEDIUM,,,287.0,249.0,244.0,293.0,True,95.024
MAG,Haas F1 Team,15.0,0 days 00:01:34.606000,1.0,15.0,MEDIUM,,,288.0,251.0,244.0,293.0,True,94.606
MAG,Haas F1 Team,16.0,0 days 00:01:34.559000,1.0,16.0,MEDIUM,,,287.0,251.0,244.0,293.0,True,94.559
MAG,Haas F1 Team,17.0,0 days 00:01:34.216000,1.0,17.0,MEDIUM,,,288.0,251.0,244.0,291.0,True,94.216
MAG,Haas F1 Team,18.0,0 days 00:01:33.795000,1.0,18.0,MEDIUM,,,289.0,251.0,245.0,293.0,True,93.795
MAG,Haas F1 Team,19.0,0 days 00:01:34.281000,1.0,19.0,MEDIUM,,,287.0,250.0,244.0,294.0,True,94.281
MAG,Haas F1 Team,20.0,0 days 00:01:33.935000,1.0,20.0,MEDIUM,,,291.0,249.0,245.0,295.0,True,93.935
MAG,Haas F1 Team,21.0,0 days 00:01:34.083000,1.0,21.0,MEDIUM,,,290.0,250.0,245.0,295.0,True,94.083
MAG,Haas F1 Team,22.0,0 days 00:01:33.997000,1.0,22.0,MEDIUM,,,288.0,251.0,245.0,293.0,True,93.997
MAG,Haas F1 Team,23.0,0 days 00:01:33.980000,1.0,23.0,MEDIUM,,,288.0,249.0,245.0,293.0,True,93.98
MAG,Haas F1 Team,24.0,0 days 00:01:33.891000,1.0,24.0,MEDIUM,,,287.0,251.0,245.0,295.0,True,93.891
MAG,Haas F1 Team,25.0,0 days 00:01:34.037000,1.0,25.0,MEDIUM,,,287.0,250.0,245.0,293.0,True,94.037
MAG,Haas F1 Team,26.0,0 days 00:01:34.119000,1.0,26.0,MEDIUM,,,289.0,251.0,246.0,296.0,True,94.119
MAG,Haas F1 Team,27.0,0 days 00:01:33.935000,1.0,27.0,MEDIUM,,,290.0,252.0,246.0,297.0,True,93.935
MAG,Haas F1 Team,28.0,0 days 00:01:33.760000,1.0,28.0,MEDIUM,,,288.0,249.0,246.0,294.0,True,93.76
MAG,Haas F1 Team,29.0,0 days 00:01:33.356000,1.0,29.0,MEDIUM,,,289.0,252.0,247.0,295.0,True,93.356
MAG,Haas F1 Team,30.0,0 days 00:01:33.466000,1.0,30.0,MEDIUM,,,289.0,251.0,246.0,296.0,True,93.466
MAG,Haas F1 Team,31.0,0 days 00:01:33.464000,1.0,31.0,MEDIUM,,,288.0,253.0,246.0,295.0,True,93.464
DEV,AlphaTauri,2.0,0 days 00:01:36.208000,1.0,2.0,SOFT,,,299.0,253.0,242.0,303.0,True,96.208
DEV,AlphaTauri,3.0,0 days 00:01:34.746000,1.0,3.0,SOFT,,,316.0,255.0,235.0,330.0,True,94.746
DEV,AlphaTauri,4.0,0 days 00:01:34.199000,1.0,4.0,SOFT,,,316.0,254.0,243.0,325.0,True,94.199
DEV,AlphaTauri,5.0,0 days 00:01:34.761000,1.0,5.0,SOFT,,,317.0,256.0,243.0,323.0,True,94.761
DEV,AlphaTauri,6.0,0 days 00:01:34.907000,1.0,6.0,SOFT,,,314.0,254.0,243.0,317.0,True,94.907
DEV,AlphaTauri,7.0,0 days 00:01:35.054000,1.0,7.0,SOFT,,,313.0,255.0,243.0,318.0,True,95.054
DEV,AlphaTauri,8.0,0 days 00:01:33.896000,1.0,8.0,SOFT,,,294.0,253.0,244.0,301.0,True,93.896
DEV,AlphaTauri,9.0,0 days 00:01:33.774000,1.0,9.0,SOFT,,,298.0,252.0,244.0,305.0,True,93.774
DEV,AlphaTauri,10.0,0 days 00:01:33.985000,1.0,10.0,SOFT,,,299.0,251.0,244.0,304.0,True,93.985
DEV,AlphaTauri,11.0,0 days 00:01:33.758000,1.0,11.0,SOFT,,,314.0,255.0,244.0,320.0,True,93.758
DEV,AlphaTauri,12.0,0 days 00:01:34.165000,1.0,12.0,SOFT,,,312.0,254.0,245.0,320.0,True,94.165
DEV,AlphaTauri,13.0,0 days 00:01:34.232000,1.0,13.0,SOFT,,,312.0,256.0,244.0,317.0,True,94.232
DEV,AlphaTauri,14.0,0 days 00:01:34.879000,1.0,14.0,SOFT,,,313.0,253.0,245.0,323.0,True,94.879
DEV,AlphaTauri,15.0,0 days 00:01:34.170000,1.0,15.0,SOFT,,,294.0,252.0,245.0,298.0,True,94.17
DEV,AlphaTauri,16.0,0 days 00:01:34.148000,1.0,16.0,SOFT,,,293.0,252.0,245.0,301.0,True,94.148
DEV,AlphaTauri,17.0,0 days 00:01:33.637000,1.0,17.0,SOFT,,,293.0,253.0,245.0,302.0,True,93.637
DEV,AlphaTauri,18.0,0 days 00:01:33.453000,1.0,18.0,SOFT,,,293.0,253.0,245.0,300.0,True,93.453
DEV,AlphaTauri,19.0,0 days 00:01:33.835000,1.0,19.0,SOFT,,,292.0,253.0,246.0,301.0,True,93.835
DEV,AlphaTauri,20.0,0 days 00:01:33.480000,1.0,20.0,SOFT,,,294.0,252.0,246.0,299.0,True,93.48
DEV,AlphaTauri,21.0,0 days 00:01:33.652000,1.0,21.0,SOFT,,,293.0,253.0,246.0,300.0,True,93.652
DEV,AlphaTauri,22.0,0 days 00:01:33.647000,1.0,22.0,SOFT,,,292.0,253.0,246.0,299.0,True,93.647
DEV,AlphaTauri,23.0,0 days 00:01:33.622000,1.0,23.0,SOFT,,,291.0,253.0,246.0,299.0,True,93.622
DEV,AlphaTauri,24.0,0 days 00:01:33.663000,1.0,24.0,SOFT,,,293.0,253.0,246.0,300.0,True,93.663
DEV,AlphaTauri,25.0,0 days 00:01:33.553000,1.0,25.0,SOFT,,,293.0,254.0,246.0,302.0,True,93.553
DEV,AlphaTauri,26.0,0 days 00:01:33.754000,1.0,26.0,SOFT,,,293.0,252.0,247.0,300.0,True,93.754
DEV,AlphaTauri,29.0,0 days 00:01:32.499000,2.0,2.0,MEDIUM,,,292.0,254.0,247.0,303.0,True,92.499
DEV,AlphaTauri,30.0,0 days 00:01:32.564000,2.0,3.0,MEDIUM,,,294.0,257.0,248.0,305.0,True,92.564
DEV,AlphaTauri,31.0,0 days 00:01:32.829000,2.0,4.0,MEDIUM,,,293.0,257.0,247.0,304.0,True,92.829
DEV,AlphaTauri,39.0,0 days 00:01:33.647000,3.0,7.0,SOFT,,,308.0,259.0,248.0,308.0,True,93.647
DEV,AlphaTauri,40.0,0 days 00:01:33.180000,3.0,8.0,SOFT,,,297.0,257.0,247.0,310.0,True,93.18
DEV,AlphaTauri,41.0,0 days 00:01:32.650000,3.0,9.0,SOFT,,,305.0,263.0,248.0,334.0,True,92.65
DEV,AlphaTauri,42.0,0 days 00:01:32.369000,3.0,10.0,SOFT,,,321.0,261.0,249.0,333.0,True,92.369
DEV,AlphaTauri,43.0,0 days 00:01:32.516000,3.0,11.0,SOFT,,,320.0,259.0,248.0,329.0,True,92.516
DEV,AlphaTauri,44.0,0 days 00:01:34.017000,3.0,12.0,SOFT,,,317.0,255.0,247.0,308.0,True,94.017
DEV,AlphaTauri,45.0,0 days 00:01:32.829000,3.0,13.0,SOFT,,,318.0,259.0,248.0,326.0,True,92.829
DEV,AlphaTauri,46.0,0 days 00:01:32.716000,3.0,14.0,SOFT,,,301.0,260.0,246.0,309.0,True,92.716
DEV,AlphaTauri,47.0,0 days 00:01:32.456000,3.0,15.0,SOFT,,,304.0,258.0,246.0,310.0,True,92.456
DEV,AlphaTauri,48.0,0 days 00:01:32.353000,3.0,16.0,SOFT,,,302.0,259.0,247.0,304.0,True,92.353
DEV,AlphaTauri,49.0,0 days 00:01:32.540000,3.0,17.0,SOFT,,,303.0,258.0,248.0,309.0,True,92.54
DEV,AlphaTauri,50.0,0 days 00:01:32.632000,3.0,18.0,SOFT,,,303.0,258.0,246.0,305.0,True,92.632
DEV,AlphaTauri,51.0,0 days 00:01:32.445000,3.0,19.0,SOFT,,,302.0,259.0,247.0,305.0,True,92.445
DEV,AlphaTauri,52.0,0 days 00:01:32.420000,3.0,20.0,SOFT,,,303.0,260.0,247.0,309.0,True,92.42
TSU,AlphaTauri,2.0,0 days 00:01:35.252000,1.0,2.0,SOFT,,,294.0,251.0,242.0,305.0,True,95.252
TSU,AlphaTauri,3.0,0 days 00:01:34.229000,1.0,3.0,SOFT,,,314.0,253.0,244.0,327.0,True,94.229
TSU,AlphaTauri,4.0,0 days 00:01:34.362000,1.0,4.0,SOFT,,,312.0,252.0,243.0,305.0,True,94.362
TSU,AlphaTauri,5.0,0 days 00:01:34.457000,1.0,5.0,SOFT,,,296.0,252.0,243.0,301.0,True,94.457
TSU,AlphaTauri,6.0,0 days 00:01:35.373000,1.0,6.0,SOFT,,,296.0,254.0,242.0,302.0,True,95.373
TSU,AlphaTauri,7.0,0 days 00:01:34.571000,1.0,7.0,SOFT,,,311.0,252.0,242.0,305.0,True,94.571
TSU,AlphaTauri,8.0,0 days 00:01:34.486000,1.0,8.0,SOFT,,,295.0,253.0,243.0,304.0,True,94.486
TSU,AlphaTauri,9.0,0 days 00:01:34.235000,1.0,9.0,SOFT,,,295.0,254.0,244.0,304.0,True,94.235
TSU,AlphaTauri,10.0,0 days 00:01:34.173000,1.0,10.0,SOFT,,,295.0,253.0,244.0,300.0,True,94.173
TSU,AlphaTauri,11.0,0 days 00:01:34.085000,1.0,11.0,SOFT,,,294.0,254.0,244.0,300.0,True,94.085
TSU,AlphaTauri,12.0,0 days 00:01:34.237000,1.0,12.0,SOFT,,,294.0,253.0,243.0,297.0,True,94.237
TSU,AlphaTauri,13.0,0 days 00:01:34.433000,1.0,13.0,SOFT,,,293.0,253.0,244.0,296.0,True,94.433
TSU,AlphaTauri,16.0,0 days 00:01:33.058000,2.0,2.0,HARD,,,290.0,254.0,246.0,299.0,True,93.058
TSU,AlphaTauri,17.0,0 days 00:01:32.952000,2.0,3.0,HARD,,,290.0,254.0,245.0,298.0,True,92.952
TSU,AlphaTauri,18.0,0 days 00:01:33.094000,2.0,4.0,HARD,,,289.0,253.0,245.0,298.0,True,93.094
TSU,AlphaTauri,19.0,0 days 00:01:33.424000,2.0,5.0,HARD,,,292.0,254.0,246.0,301.0,True,93.424
TSU,AlphaTauri,20.0,0 days 00:01:33.281000,2.0,6.0,HARD,,,291.0,253.0,246.0,300.0,True,93.281
TSU,AlphaTauri,21.0,0 days 00:01:33.189000,2.0,7.0,HARD,,,290.0,253.0,246.0,300.0,True,93.189
TSU,AlphaTauri,22.0,0 days 00:01:33.004000,2.0,8.0,HARD,,,290.0,253.0,246.0,300.0,True,93.004
TSU,AlphaTauri,23.0,0 days 00:01:33.098000,2.0,9.0,HARD,,,291.0,255.0,246.0,301.0,True,93.098
TSU,AlphaTauri,24.0,0 days 00:01:33.205000,2.0,10.0,HARD,,,288.0,254.0,246.0,303.0,True,93.205
TSU,AlphaTauri,25.0,0 days 00:01:33.224000,2.0,11.0,HARD,,,290.0,256.0,247.0,301.0,True,93.224
TSU,AlphaTauri,26.0,0 days 00:01:33.319000,2.0,12.0,HARD,,,291.0,253.0,247.0,302.0,True,93.319
TSU,AlphaTauri,27.0,0 days 00:01:33.418000,2.0,13.0,HARD,,,290.0,254.0,247.0,302.0,True,93.418
TSU,AlphaTauri,28.0,0 days 00:01:33.275000,2.0,14.0,HARD,,,294.0,253.0,247.0,304.0,True,93.275
TSU,AlphaTauri,29.0,0 days 00:01:33.118000,2.0,15.0,HARD,,,292.0,255.0,247.0,304.0,True,93.118
TSU,AlphaTauri,30.0,0 days 00:01:33.211000,2.0,16.0,HARD,,,292.0,256.0,247.0,305.0,True,93.211
TSU,AlphaTauri,31.0,0 days 00:01:33.279000,2.0,17.0,HARD,,,291.0,255.0,247.0,306.0,True,93.279
TSU,AlphaTauri,39.0,0 days 00:01:32.882000,3.0,7.0,SOFT,,,311.0,259.0,247.0,310.0,True,92.882
TSU,AlphaTauri,40.0,0 days 00:01:32.932000,3.0,8.0,SOFT,,,299.0,259.0,249.0,313.0,True,92.932
TSU,AlphaTauri,41.0,0 days 00:01:33.321000,3.0,9.0,SOFT,,,323.0,260.0,248.0,330.0,True,93.321
TSU,AlphaTauri,42.0,0 days 00:01:32.306000,3.0,10.0,SOFT,,,320.0,257.0,248.0,330.0,True,92.306
TSU,AlphaTauri,43.0,0 days 00:01:32.572000,3.0,11.0,SOFT,,,319.0,255.0,248.0,311.0,True,92.572
TSU,AlphaTauri,44.0,0 days 00:01:32.534000,3.0,12.0,SOFT,,,300.0,257.0,247.0,311.0,True,92.534
TSU,AlphaTauri,45.0,0 days 00:01:32.494000,3.0,13.0,SOFT,,,304.0,260.0,247.0,310.0,True,92.494
TSU,AlphaTauri,46.0,0 days 00:01:32.535000,3.0,14.0,SOFT,,,304.0,259.0,248.0,311.0,True,92.535
TSU,AlphaTauri,47.0,0 days 00:01:32.291000,3.0,15.0,SOFT,,,305.0,256.0,247.0,311.0,True,92.291
TSU,AlphaTauri,48.0,0 days 00:01:32.084000,3.0,16.0,SOFT,,,303.0,257.0,247.0,309.0,True,92.084
TSU,AlphaTauri,49.0,0 days 00:01:32.504000,3.0,17.0,SOFT,,,301.0,256.0,248.0,308.0,True,92.504
TSU,AlphaTauri,50.0,0 days 00:01:32.790000,3.0,18.0,SOFT,,,301.0,258.0,247.0,309.0,True,92.79
TSU,AlphaTauri,51.0,0 days 00:01:33.212000,3.0,19.0,SOFT,,,298.0,259.0,246.0,307.0,True,93.212
TSU,AlphaTauri,52.0,0 days 00:01:32.780000,3.0,20.0,SOFT,,,317.0,258.0,248.0,310.0,True,92.78
ALB,Williams,2.0,0 days 00:01:35.004000,1.0,2.0,MEDIUM,,,300.0,254.0,246.0,304.0,True,95.004
ALB,Williams,3.0,0 days 00:01:33.809000,1.0,3.0,MEDIUM,,,316.0,255.0,245.0,322.0,True,93.809
ALB,Williams,4.0,0 days 00:01:33.866000,1.0,4.0,MEDIUM,,,314.0,252.0,247.0,306.0,True,93.866
ALB,Williams,5.0,0 days 00:01:33.860000,1.0,5.0,MEDIUM,,,299.0,252.0,247.0,300.0,True,93.86
ALB,Williams,6.0,0 days 00:01:34.210000,1.0,6.0,MEDIUM,,,299.0,251.0,246.0,299.0,True,94.21
ALB,Williams,7.0,0 days 00:01:34.099000,1.0,7.0,MEDIUM,,,300.0,252.0,246.0,304.0,True,94.099
ALB,Williams,8.0,0 days 00:01:33.922000,1.0,8.0,MEDIUM,,,299.0,254.0,245.0,306.0,True,93.922
ALB,Williams,9.0,0 days 00:01:33.731000,1.0,9.0,MEDIUM,,,300.0,253.0,246.0,307.0,True,93.731
ALB,Williams,10.0,0 days 00:01:34.045000,1.0,10.0,MEDIUM,,,297.0,252.0,246.0,301.0,True,94.045
ALB,Williams,11.0,0 days 00:01:33.842000,1.0,11.0,MEDIUM,,,297.0,254.0,246.0,302.0,True,93.842
ALB,Williams,12.0,0 days 00:01:33.857000,1.0,12.0,MEDIUM,,,300.0,252.0,247.0,301.0,True,93.857
ALB,Williams,13.0,0 days 00:01:33.751000,1.0,13.0,MEDIUM,,,296.0,254.0,247.0,296.0,True,93.751
ALB,Williams,14.0,0 days 00:01:33.951000,1.0,14.0,MEDIUM,,,295.0,255.0,247.0,300.0,True,93.951
ALB,Williams,15.0,0 days 00:01:33.786000,1.0,15.0,MEDIUM,,,295.0,253.0,247.0,302.0,True,93.786
ALB,Williams,16.0,0 days 00:01:34.343000,1.0,16.0,MEDIUM,,,294.0,255.0,246.0,301.0,True,94.343
ALB,Williams,17.0,0 days 00:01:33.707000,1.0,17.0,MEDIUM,,,313.0,257.0,246.0,321.0,True,93.707
ALB,Williams,18.0,0 days 00:01:33.615000,1.0,18.0,MEDIUM,,,295.0,254.0,247.0,298.0,True,93.615
ALB,Williams,19.0,0 days 00:01:33.654000,1.0,19.0,MEDIUM,,,297.0,254.0,248.0,304.0,True,93.654
ALB,Williams,20.0,0 days 00:01:33.440000,1.0,20.0,MEDIUM,,,295.0,254.0,248.0,301.0,True,93.44
ALB,Williams,21.0,0 days 00:01:33.195000,1.0,21.0,MEDIUM,,,296.0,254.0,248.0,303.0,True,93.195
ALB,Williams,22.0,0 days 00:01:33.021000,1.0,22.0,MEDIUM,,,295.0,255.0,249.0,301.0,True,93.021
ALB,Williams,23.0,0 days 00:01:33.117000,1.0,23.0,MEDIUM,,,295.0,255.0,248.0,304.0,True,93.117
ALB,Williams,24.0,0 days 00:01:33.163000,1.0,24.0,MEDIUM,,,297.0,256.0,248.0,305.0,True,93.163
ALB,Williams,25.0,0 days 00:01:33.374000,1.0,25.0,MEDIUM,,,296.0,256.0,248.0,302.0,True,93.374
ALB,Williams,26.0,0 days 00:01:33.175000,1.0,26.0,MEDIUM,,,295.0,255.0,249.0,301.0,True,93.175
ALB,Williams,27.0,0 days 00:01:33.126000,1.0,27.0,MEDIUM,,,294.0,254.0,249.0,301.0,True,93.126
ALB,Williams,28.0,0 days 00:01:33.084000,1.0,28.0,MEDIUM,,,295.0,254.0,249.0,303.0,True,93.084
ALB,Williams,29.0,0 days 00:01:32.869000,1.0,29.0,MEDIUM,,,296.0,255.0,250.0,303.0,True,92.869
ALB,Williams,30.0,0 days 00:01:32.882000,1.0,30.0,MEDIUM,,,298.0,256.0,250.0,304.0,True,92.882
ALB,Williams,31.0,0 days 00:01:32.816000,1.0,31.0,MEDIUM,,,295.0,256.0,249.0,306.0,True,92.816
ALB,Williams,39.0,0 days 00:01:32.630000,2.0,11.0,SOFT,,,308.0,261.0,251.0,309.0,True,92.63
ALB,Williams,40.0,0 days 00:01:32.176000,2.0,12.0,SOFT,,,299.0,257.0,251.0,312.0,True,92.176
ALB,Williams,41.0,0 days 00:01:31.273000,2.0,13.0,SOFT,,,320.0,263.0,251.0,330.0,True,91.273
ALB,Williams,42.0,0 days 00:01:31.879000,2.0,14.0,SOFT,,,315.0,262.0,251.0,326.0,True,91.879
ALB,Williams,43.0,0 days 00:01:31.752000,2.0,15.0,SOFT,,,322.0,261.0,248.0,327.0,True,91.752
ALB,Williams,44.0,0 days 00:01:32.057000,2.0,16.0,SOFT,,,319.0,261.0,249.0,323.0,True,92.057
ALB,Williams,45.0,0 days 00:01:32.146000,2.0,17.0,SOFT,,,320.0,261.0,249.0,305.0,True,92.146
ALB,Williams,46.0,0 days 00:01:32.116000,2.0,18.0,SOFT,,,302.0,258.0,248.0,304.0,True,92.116
ALB,Williams,47.0,0 days 00:01:31.537000,2.0,19.0,SOFT,,,306.0,263.0,250.0,327.0,True,91.537
ALB,Williams,48.0,0 days 00:01:31.466000,2.0,20.0,SOFT,,,319.0,261.0,248.0,324.0,True,91.466
ALB,Williams,49.0,0 days 00:01:31.912000,2.0,21.0,SOFT,,,317.0,262.0,248.0,321.0,True,91.912
ALB,Williams,50.0,0 days 00:01:31.860000,2.0,22.0,SOFT,,,321.0,261.0,247.0,324.0,True,91.86
ALB,Williams,51.0,0 days 00:01:31.930000,2.0,23.0,SOFT,,,319.0,260.0,249.0,322.0,True,91.93
ALB,Williams,52.0,0 days 00:01:31.809000,2.0,24.0,SOFT,,,320.0,262.0,248.0,325.0,True,91.809
ZHO,Alfa Romeo,2.0,0 days 00:01:35.912000,1.0,2.0,MEDIUM,,,300.0,254.0,244.0,302.0,True,95.912
ZHO,Alfa Romeo,3.0,0 days 00:01:34.679000,1.0,3.0,MEDIUM,,,308.0,258.0,242.0,325.0,True,94.679
ZHO,Alfa Romeo,4.0,0 days 00:01:34.408000,1.0,4.0,MEDIUM,,,308.0,254.0,245.0,319.0,True,94.408
ZHO,Alfa Romeo,5.0,0 days 00:01:34.736000,1.0,5.0,MEDIUM,,,310.0,256.0,245.0,319.0,True,94.736
ZHO,Alfa Romeo,6.0,0 days 00:01:34.807000,1.0,6.0,MEDIUM,,,306.0,256.0,245.0,317.0,True,94.807
ZHO,Alfa Romeo,7.0,0 days 00:01:34.995000,1.0,7.0,MEDIUM,,,307.0,256.0,246.0,317.0,True,94.995
ZHO,Alfa Romeo,8.0,0 days 00:01:34.267000,1.0,8.0,MEDIUM,,,303.0,257.0,246.0,313.0,True,94.267
ZHO,Alfa Romeo,9.0,0 days 00:01:34.044000,1.0,9.0,MEDIUM,,,303.0,255.0,245.0,317.0,True,94.044
ZHO,Alfa Romeo,10.0,0 days 00:01:34.392000,1.0,10.0,MEDIUM,,,287.0,253.0,245.0,296.0,True,94.392
ZHO,Alfa Romeo,11.0,0 days 00:01:34.221000,1.0,11.0,MEDIUM,,,287.0,254.0,245.0,300.0,True,94.221
ZHO,Alfa Romeo,12.0,0 days 00:01:34.235000,1.0,12.0,MEDIUM,,,288.0,252.0,245.0,294.0,True,94.235
ZHO,Alfa Romeo,13.0,0 days 00:01:34.130000,1.0,13.0,MEDIUM,,,286.0,253.0,245.0,295.0,True,94.13
ZHO,Alfa Romeo,14.0,0 days 00:01:34.418000,1.0,14.0,MEDIUM,,,285.0,253.0,246.0,297.0,True,94.418
ZHO,Alfa Romeo,15.0,0 days 00:01:34.677000,1.0,15.0,MEDIUM,,,283.0,253.0,246.0,294.0,True,94.677
ZHO,Alfa Romeo,16.0,0 days 00:01:34.263000,1.0,16.0,MEDIUM,,,282.0,254.0,246.0,293.0,True,94.263
ZHO,Alfa Romeo,17.0,0 days 00:01:34.027000,1.0,17.0,MEDIUM,,,282.0,254.0,246.0,291.0,True,94.027
ZHO,Alfa Romeo,18.0,0 days 00:01:33.861000,1.0,18.0,MEDIUM,,,283.0,253.0,246.0,291.0,True,93.861
ZHO,Alfa Romeo,19.0,0 days 00:01:33.907000,1.0,19.0,MEDIUM,,,282.0,253.0,247.0,293.0,True,93.907
ZHO,Alfa Romeo,20.0,0 days 00:01:33.726000,1.0,20.0,MEDIUM,,,283.0,252.0,245.0,292.0,True,93.726
ZHO,Alfa Romeo,21.0,0 days 00:01:33.560000,1.0,21.0,MEDIUM,,,283.0,254.0,246.0,294.0,True,93.56
ZHO,Alfa Romeo,22.0,0 days 00:01:33.679000,1.0,22.0,MEDIUM,,,283.0,253.0,247.0,292.0,True,93.679
ZHO,Alfa Romeo,23.0,0 days 00:01:33.642000,1.0,23.0,MEDIUM,,,284.0,253.0,245.0,295.0,True,93.642
ZHO,Alfa Romeo,26.0,0 days 00:01:32.524000,2.0,2.0,HARD,,,284.0,253.0,247.0,294.0,True,92.524
ZHO,Alfa Romeo,27.0,0 days 00:01:32.912000,2.0,3.0,HARD,,,281.0,254.0,247.0,291.0,True,92.912
ZHO,Alfa Romeo,28.0,0 days 00:01:32.999000,2.0,4.0,HARD,,,283.0,255.0,248.0,293.0,True,92.999
ZHO,Alfa Romeo,29.0,0 days 00:01:32.812000,2.0,5.0,HARD,,,283.0,255.0,248.0,293.0,True,92.812
ZHO,Alfa Romeo,30.0,0 days 00:01:33.006000,2.0,6.0,HARD,,,282.0,256.0,248.0,293.0,True,93.006
ZHO,Alfa Romeo,31.0,0 days 00:01:33.073000,2.0,7.0,HARD,,,282.0,257.0,248.0,294.0,True,93.073
ZHO,Alfa Romeo,39.0,0 days 00:01:33.188000,4.0,6.0,SOFT,,,306.0,261.0,250.0,315.0,True,93.188
ZHO,Alfa Romeo,40.0,0 days 00:01:33.310000,4.0,7.0,SOFT,,,305.0,260.0,249.0,298.0,True,93.31
ZHO,Alfa Romeo,41.0,0 days 00:01:32.655000,4.0,8.0,SOFT,,,313.0,261.0,247.0,323.0,True,92.655
ZHO,Alfa Romeo,42.0,0 days 00:01:32.243000,4.0,9.0,SOFT,,,314.0,263.0,250.0,324.0,True,92.243
ZHO,Alfa Romeo,43.0,0 days 00:01:32.645000,4.0,10.0,SOFT,,,315.0,264.0,249.0,324.0,True,92.645
ZHO,Alfa Romeo,44.0,0 days 00:01:32.789000,4.0,11.0,SOFT,,,310.0,261.0,248.0,330.0,True,92.789
ZHO,Alfa Romeo,45.0,0 days 00:01:32.502000,4.0,12.0,SOFT,,,291.0,260.0,249.0,298.0,True,92.502
ZHO,Alfa Romeo,46.0,0 days 00:01:32.329000,4.0,13.0,SOFT,,,286.0,260.0,248.0,297.0,True,92.329
ZHO,Alfa Romeo,47.0,0 days 00:01:31.957000,4.0,14.0,SOFT,,,290.0,258.0,249.0,300.0,True,91.957
ZHO,Alfa Romeo,48.0,0 days 00:01:31.769000,4.0,15.0,SOFT,,,306.0,263.0,248.0,317.0,True,91.769
ZHO,Alfa Romeo,49.0,0 days 00:01:32.599000,4.0,16.0,SOFT,,,307.0,261.0,248.0,318.0,True,92.599
ZHO,Alfa Romeo,50.0,0 days 00:01:32.459000,4.0,17.0,SOFT,,,309.0,261.0,246.0,331.0,True,92.459
ZHO,Alfa Romeo,51.0,0 days 00:01:32.090000,4.0,18.0,SOFT,,,309.0,263.0,248.0,326.0,True,92.09
ZHO,Alfa Romeo,52.0,0 days 00:01:32.114000,4.0,19.0,SOFT,,,287.0,260.0,248.0,297.0,True,92.114
HUL,Haas F1 Team,2.0,0 days 00:01:35.277000,1.0,2.0,HARD,,,291.0,251.0,243.0,298.0,True,95.277
HUL,Haas F1 Team,3.0,0 days 00:01:34.530000,1.0,3.0,HARD,,,311.0,256.0,243.0,323.0,True,94.53
HUL,Haas F1 Team,4.0,0 days 00:01:34.354000,1.0,4.0,HARD,,,306.0,254.0,244.0,315.0,True,94.354
HUL,Haas F1 Team,5.0,0 days 00:01:35.588000,1.0,5.0,HARD,,,317.0,253.0,244.0,312.0,True,95.588
HUL,Haas F1 Team,6.0,0 days 00:01:35.631000,1.0,6.0,HARD,,,290.0,251.0,242.0,292.0,True,95.631
HUL,Haas F1 Team,9.0,0 days 00:01:33.669000,2.0,2.0,MEDIUM,,,288.0,252.0,244.0,289.0,True,93.669
HUL,Haas F1 Team,10.0,0 days 00:01:33.525000,2.0,3.0,MEDIUM,,,289.0,253.0,245.0,288.0,True,93.525
HUL,Haas F1 Team,11.0,0 days 00:01:33.966000,2.0,4.0,MEDIUM,,,289.0,251.0,244.0,289.0,True,93.966
HUL,Haas F1 Team,12.0,0 days 00:01:34.022000,2.0,5.0,MEDIUM,,,289.0,250.0,245.0,286.0,True,94.022
HUL,Haas F1 Team,13.0,0 days 00:01:34.300000,2.0,6.0,MEDIUM,,,287.0,249.0,244.0,289.0,True,94.3
HUL,Haas F1 Team,14.0,0 days 00:01:34.186000,2.0,7.0,MEDIUM,,,288.0,250.0,245.0,292.0,True,94.186
HUL,Haas F1 Team,15.0,0 days 00:01:33.925000,2.0,8.0,MEDIUM,,,287.0,246.0,245.0,291.0,True,93.925
HUL,Haas F1 Team,16.0,0 days 00:01:33.640000,2.0,9.0,MEDIUM,,,286.0,250.0,245.0,291.0,True,93.64
HUL,Haas F1 Team,17.0,0 days 00:01:33.616000,2.0,10.0,MEDIUM,,,288.0,250.0,246.0,291.0,True,93.616
HUL,Haas F1 Team,18.0,0 days 00:01:33.591000,2.0,11.0,MEDIUM,,,288.0,251.0,245.0,291.0,True,93.591
HUL,Haas F1 Team,19.0,0 days 00:01:33.763000,2.0,12.0,MEDIUM,,,287.0,251.0,246.0,295.0,True,93.763
HUL,Haas F1 Team,20.0,0 days 00:01:33.555000,2.0,13.0,MEDIUM,,,287.0,252.0,246.0,293.0,True,93.555
HUL,Haas F1 Team,21.0,0 days 00:01:33.350000,2.0,14.0,MEDIUM,,,288.0,251.0,246.0,294.0,True,93.35
HUL,Haas F1 Team,22.0,0 days 00:01:33.143000,2.0,15.0,MEDIUM,,,288.0,252.0,246.0,294.0,True,93.143
HUL,Haas F1 Team,23.0,0 days 00:01:33.294000,2.0,16.0,MEDIUM,,,287.0,252.0,245.0,294.0,True,93.294
HUL,Haas F1 Team,24.0,0 days 00:01:33.461000,2.0,17.0,MEDIUM,,,288.0,252.0,246.0,297.0,True,93.461
HUL,Haas F1 Team,25.0,0 days 00:01:33.351000,2.0,18.0,MEDIUM,,,288.0,254.0,246.0,296.0,True,93.351
HUL,Haas F1 Team,26.0,0 days 00:01:33.644000,2.0,19.0,MEDIUM,,,288.0,252.0,246.0,296.0,True,93.644
HUL,Haas F1 Team,27.0,0 days 00:01:33.122000,2.0,20.0,MEDIUM,,,288.0,252.0,247.0,296.0,True,93.122
HUL,Haas F1 Team,28.0,0 days 00:01:33.280000,2.0,21.0,MEDIUM,,,289.0,250.0,247.0,296.0,True,93.28
HUL,Haas F1 Team,29.0,0 days 00:01:33.107000,2.0,22.0,MEDIUM,,,288.0,254.0,247.0,296.0,True,93.107
HUL,Haas F1 Team,30.0,0 days 00:01:33.332000,2.0,23.0,MEDIUM,,,287.0,254.0,247.0,295.0,True,93.332
HUL,Haas F1 Team,31.0,0 days 00:01:33.133000,2.0,24.0,MEDIUM,,,287.0,254.0,248.0,296.0,True,93.133
HUL,Haas F1 Team,39.0,0 days 00:01:32.527000,3.0,7.0,SOFT,,,310.0,259.0,249.0,305.0,True,92.527
HUL,Haas F1 Team,40.0,0 days 00:01:32.932000,3.0,8.0,SOFT,,,298.0,258.0,249.0,303.0,True,92.932
HUL,Haas F1 Team,41.0,0 days 00:01:32.104000,3.0,9.0,SOFT,,,317.0,261.0,249.0,301.0,True,92.104
HUL,Haas F1 Team,42.0,0 days 00:01:32.097000,3.0,10.0,SOFT,,,313.0,260.0,249.0,306.0,True,92.097
HUL,Haas F1 Team,43.0,0 days 00:01:32.325000,3.0,11.0,SOFT,,,312.0,258.0,248.0,308.0,True,92.325
HUL,Haas F1 Team,44.0,0 days 00:01:32.441000,3.0,12.0,SOFT,,,296.0,256.0,247.0,302.0,True,92.441
HUL,Haas F1 Team,45.0,0 days 00:01:32.534000,3.0,13.0,SOFT,,,297.0,262.0,234.0,320.0,True,92.534
HUL,Haas F1 Team,46.0,0 days 00:01:32.584000,3.0,14.0,SOFT,,,310.0,261.0,245.0,321.0,True,92.584
HUL,Haas F1 Team,47.0,0 days 00:01:32.101000,3.0,15.0,SOFT,,,311.0,260.0,247.0,319.0,True,92.101
HUL,Haas F1 Team,48.0,0 days 00:01:32.060000,3.0,16.0,SOFT,,,310.0,261.0,246.0,319.0,True,92.06
HUL,Haas F1 Team,49.0,0 days 00:01:32.080000,3.0,17.0,SOFT,,,310.0,260.0,248.0,319.0,True,92.08
HUL,Haas F1 Team,50.0,0 days 00:01:32.158000,3.0,18.0,SOFT,,,310.0,259.0,246.0,317.0,True,92.158
HUL,Haas F1 Team,51.0,0 days 00:01:32.166000,3.0,19.0,SOFT,,,309.0,260.0,248.0,317.0,True,92.166
HUL,Haas F1 Team,52.0,0 days 00:01:31.776000,3.0,20.0,SOFT,,,310.0,263.0,247.0,328.0,True,91.776
OCO,Alpine,2.0,0 days 00:01:35.230000,1.0,2.0,SOFT,,,290.0,253.0,243.0,296.0,True,95.23
OCO,Alpine,3.0,0 days 00:01:34.113000,1.0,3.0,SOFT,,,306.0,256.0,242.0,318.0,True,94.113
OCO,Alpine,4.0,0 days 00:01:33.941000,1.0,4.0,SOFT,,,304.0,255.0,244.0,313.0,True,93.941
OCO,Alpine,5.0,0 days 00:01:33.946000,1.0,5.0,SOFT,,,289.0,256.0,242.0,310.0,True,93.946
OCO,Alpine,6.0,0 days 00:01:34.381000,1.0,6.0,SOFT,,,285.0,254.0,241.0,305.0,True,94.381
OCO,Alpine,7.0,0 days 00:01:34.346000,1.0,7.0,SOFT,,,284.0,252.0,243.0,290.0,True,94.346
OCO,Alpine,8.0,0 days 00:01:34.032000,1.0,8.0,SOFT,,,283.0,253.0,243.0,290.0,True,94.032
NOR,McLaren,2.0,0 days 00:01:33.046000,1.0,2.0,MEDIUM,,,291.0,254.0,246.0,289.0,True,93.046
NOR,McLaren,3.0,0 days 00:01:33.180000,1.0,3.0,MEDIUM,,,292.0,252.0,246.0,291.0,True,93.18
NOR,McLaren,4.0,0 days 00:01:32.772000,1.0,4.0,MEDIUM,,,293.0,255.0,246.0,291.0,True,92.772
NOR,McLaren,5.0,0 days 00:01:33.914000,1.0,5.0,MEDIUM,,,293.0,256.0,247.0,307.0,True,93.914
NOR,McLaren,6.0,0 days 00:01:33.112000,1.0,6.0,MEDIUM,,,307.0,257.0,246.0,306.0,True,93.112
NOR,McLaren,7.0,0 days 00:01:33.190000,1.0,7.0,MEDIUM,,,307.0,254.0,246.0,309.0,True,93.19
NOR,McLaren,8.0,0 days 00:01:33.101000,1.0,8.0,MEDIUM,,,307.0,256.0,246.0,294.0,True,93.101
NOR,McLaren,9.0,0 days 00:01:32.612000,1.0,9.0,MEDIUM,,,296.0,260.0,247.0,311.0,True,92.612
NOR,McLaren,10.0,0 days 00:01:32.977000,1.0,10.0,MEDIUM,,,308.0,256.0,247.0,294.0,True,92.977
NOR,McLaren,11.0,0 days 00:01:32.978000,1.0,11.0,MEDIUM,,,295.0,256.0,246.0,294.0,True,92.978
NOR,McLaren,12.0,0 days 00:01:33.116000,1.0,12.0,MEDIUM,,,294.0,257.0,245.0,293.0,True,93.116
NOR,McLaren,13.0,0 days 00:01:32.986000,1.0,13.0,MEDIUM,,,295.0,255.0,246.0,290.0,True,92.986
NOR,McLaren,14.0,0 days 00:01:33.670000,1.0,14.0,MEDIUM,,,289.0,253.0,246.0,291.0,True,93.67
NOR,McLaren,15.0,0 days 00:01:33.221000,1.0,15.0,MEDIUM,,,290.0,254.0,245.0,292.0,True,93.221
NOR,McLaren,16.0,0 days 00:01:32.903000,1.0,16.0,MEDIUM,,,292.0,256.0,246.0,294.0,True,92.903
NOR,McLaren,17.0,0 days 00:01:32.985000,1.0,17.0,MEDIUM,,,291.0,256.0,245.0,294.0,True,92.985
NOR,McLaren,18.0,0 days 00:01:32.731000,1.0,18.0,MEDIUM,,,291.0,256.0,246.0,295.0,True,92.731
NOR,McLaren,19.0,0 days 00:01:32.500000,1.0,19.0,MEDIUM,,,291.0,256.0,247.0,294.0,True,92.5
NOR,McLaren,20.0,0 days 00:01:32.770000,1.0,20.0,MEDIUM,,,290.0,256.0,247.0,294.0,True,92.77
NOR,McLaren,21.0,0 days 00:01:32.604000,1.0,21.0,MEDIUM,,,292.0,255.0,246.0,297.0,True,92.604
NOR,McLaren,22.0,0 days 00:01:32.637000,1.0,22.0,MEDIUM,,,291.0,255.0,247.0,294.0,True,92.637
NOR,McLaren,23.0,0 days 00:01:32.619000,1.0,23.0,MEDIUM,,,291.0,256.0,246.0,294.0,True,92.619
NOR,McLaren,24.0,0 days 00:01:32.721000,1.0,24.0,MEDIUM,,,292.0,257.0,246.0,295.0,True,92.721
NOR,McLaren,25.0,0 days 00:01:32.949000,1.0,25.0,MEDIUM,,,292.0,256.0,247.0,297.0,True,92.949
NOR,McLaren,26.0,0 days 00:01:32.758000,1.0,26.0,MEDIUM,,,292.0,256.0,247.0,298.0,True,92.758
NOR,McLaren,27.0,0 days 00:01:32.734000,1.0,27.0,MEDIUM,,,293.0,256.0,248.0,297.0,True,92.734
NOR,McLaren,28.0,0 days 00:01:32.714000,1.0,28.0,MEDIUM,,,292.0,256.0,248.0,296.0,True,92.714
NOR,McLaren,29.0,0 days 00:01:32.806000,1.0,29.0,MEDIUM,,,293.0,253.0,249.0,298.0,True,92.806
NOR,McLaren,30.0,0 days 00:01:32.609000,1.0,30.0,MEDIUM,,,293.0,257.0,248.0,297.0,True,92.609
NOR,McLaren,31.0,0 days 00:01:32.808000,1.0,31.0,MEDIUM,,,291.0,258.0,246.0,295.0,True,92.808
NOR,McLaren,32.0,0 days 00:01:32.571000,1.0,32.0,MEDIUM,,,292.0,257.0,249.0,299.0,True,92.571
NOR,McLaren,39.0,0 days 00:01:31.243000,2.0,6.0,HARD,,,300.0,260.0,246.0,299.0,True,91.243
NOR,McLaren,40.0,0 days 00:01:30.997000,2.0,7.0,HARD,,,293.0,262.0,250.0,293.0,True,90.997
NOR,McLaren,41.0,0 days 00:01:30.760000,2.0,8.0,HARD,,,293.0,262.0,251.0,292.0,True,90.76
NOR,McLaren,42.0,0 days 00:01:30.922000,2.0,9.0,HARD,,,294.0,263.0,251.0,291.0,True,90.922
NOR,McLaren,43.0,0 days 00:01:30.543000,2.0,10.0,HARD,,,291.0,263.0,250.0,304.0,True,90.543
NOR,McLaren,44.0,0 days 00:01:30.786000,2.0,11.0,HARD,,,295.0,262.0,250.0,300.0,True,90.786
NOR,McLaren,45.0,0 days 00:01:31.301000,2.0,12.0,HARD,,,298.0,263.0,248.0,300.0,True,91.301
NOR,McLaren,46.0,0 days 00:01:31.094000,2.0,13.0,HARD,,,297.0,263.0,249.0,298.0,True,91.094
NOR,McLaren,47.0,0 days 00:01:31.593000,2.0,14.0,HARD,,,297.0,262.0,249.0,300.0,True,91.593
NOR,McLaren,48.0,0 days 00:01:31.360000,2.0,15.0,HARD,,,297.0,262.0,250.0,298.0,True,91.36
NOR,McLaren,49.0,0 days 00:01:31.020000,2.0,16.0,HARD,,,298.0,263.0,250.0,296.0,True,91.02
NOR,McLaren,50.0,0 days 00:01:31.560000,2.0,17.0,HARD,,,300.0,262.0,248.0,298.0,True,91.56
NOR,McLaren,51.0,0 days 00:01:31.077000,2.0,18.0,HARD,,,301.0,263.0,251.0,305.0,True,91.077
NOR,McLaren,52.0,0 days 00:01:31.251000,2.0,19.0,HARD,,,298.0,263.0,251.0,298.0,True,91.251
HAM,Mercedes,2.0,0 days 00:01:34.361000,1.0,2.0,MEDIUM,,,300.0,254.0,244.0,301.0,True,94.361
HAM,Mercedes,3.0,0 days 00:01:33.662000,1.0,3.0,MEDIUM,,,314.0,255.0,244.0,320.0,True,93.662
HAM,Mercedes,4.0,0 days 00:01:33.086000,1.0,4.0,MEDIUM,,,310.0,254.0,244.0,318.0,True,93.086
HAM,Mercedes,5.0,0 days 00:01:33.718000,1.0,5.0,MEDIUM,,,312.0,256.0,243.0,319.0,True,93.718
HAM,Mercedes,6.0,0 days 00:01:34.556000,1.0,6.0,MEDIUM,,,322.0,255.0,240.0,316.0,True,94.556
HAM,Mercedes,7.0,0 days 00:01:33.328000,1.0,7.0,MEDIUM,,,315.0,253.0,244.0,297.0,True,93.328
HAM,Mercedes,8.0,0 days 00:01:33.483000,1.0,8.0,MEDIUM,,,295.0,254.0,244.0,300.0,True,93.483
HAM,Mercedes,9.0,0 days 00:01:33.331000,1.0,9.0,MEDIUM,,,295.0,254.0,244.0,299.0,True,93.331
HAM,Mercedes,10.0,0 days 00:01:33.624000,1.0,10.0,MEDIUM,,,293.0,253.0,245.0,293.0,True,93.624
HAM,Mercedes,11.0,0 days 00:01:33.519000,1.0,11.0,MEDIUM,,,292.0,254.0,244.0,295.0,True,93.519
HAM,Mercedes,12.0,0 days 00:01:33.908000,1.0,12.0,MEDIUM,,,290.0,253.0,245.0,284.0,True,93.908
HAM,Mercedes,13.0,0 days 00:01:33.280000,1.0,13.0,MEDIUM,,,289.0,254.0,245.0,287.0,True,93.28
HAM,Mercedes,14.0,0 days 00:01:33.324000,1.0,14.0,MEDIUM,,,288.0,252.0,245.0,292.0,True,93.324
HAM,Mercedes,15.0,0 days 00:01:33.156000,1.0,15.0,MEDIUM,,,287.0,255.0,246.0,291.0,True,93.156
HAM,Mercedes,16.0,0 days 00:01:32.931000,1.0,16.0,MEDIUM,,,289.0,256.0,245.0,293.0,True,92.931
HAM,Mercedes,17.0,0 days 00:01:33.120000,1.0,17.0,MEDIUM,,,289.0,255.0,245.0,291.0,True,93.12
HAM,Mercedes,18.0,0 days 00:01:33.313000,1.0,18.0,MEDIUM,,,285.0,256.0,246.0,290.0,True,93.313
HAM,Mercedes,19.0,0 days 00:01:33.201000,1.0,19.0,MEDIUM,,,284.0,256.0,246.0,292.0,True,93.201
HAM,Mercedes,20.0,0 days 00:01:32.956000,1.0,20.0,MEDIUM,,,287.0,255.0,246.0,305.0,True,92.956
HAM,Mercedes,21.0,0 days 00:01:32.779000,1.0,21.0,MEDIUM,,,289.0,255.0,246.0,299.0,True,92.779
HAM,Mercedes,22.0,0 days 00:01:32.821000,1.0,22.0,MEDIUM,,,292.0,257.0,246.0,305.0,True,92.821
HAM,Mercedes,23.0,0 days 00:01:32.974000,1.0,23.0,MEDIUM,,,291.0,256.0,247.0,297.0,True,92.974
HAM,Mercedes,24.0,0 days 00:01:32.703000,1.0,24.0,MEDIUM,,,293.0,257.0,246.0,302.0,True,92.703
HAM,Mercedes,25.0,0 days 00:01:33.087000,1.0,25.0,MEDIUM,,,293.0,257.0,246.0,305.0,True,93.087
HAM,Mercedes,26.0,0 days 00:01:32.769000,1.0,26.0,MEDIUM,,,292.0,257.0,246.0,317.0,True,92.769
HAM,Mercedes,27.0,0 days 00:01:32.714000,1.0,27.0,MEDIUM,,,292.0,254.0,247.0,305.0,True,92.714
HAM,Mercedes,28.0,0 days 00:01:32.320000,1.0,28.0,MEDIUM,,,290.0,255.0,248.0,305.0,True,92.32
HAM,Mercedes,29.0,0 days 00:01:32.155000,1.0,29.0,MEDIUM,,,289.0,256.0,248.0,301.0,True,92.155
HAM,Mercedes,30.0,0 days 00:01:32.246000,1.0,30.0,MEDIUM,,,290.0,255.0,247.0,304.0,True,92.246
HAM,Mercedes,31.0,0 days 00:01:32.744000,1.0,31.0,MEDIUM,,,287.0,255.0,247.0,294.0,True,92.744
HAM,Mercedes,39.0,0 days 00:01:31.427000,2.0,9.0,SOFT,,,310.0,259.0,248.0,305.0,True,91.427
HAM,Mercedes,40.0,0 days 00:01:31.279000,2.0,10.0,SOFT,,,297.0,259.0,250.0,300.0,True,91.279
HAM,Mercedes,41.0,0 days 00:01:30.673000,2.0,11.0,SOFT,,,306.0,262.0,249.0,319.0,True,90.673
HAM,Mercedes,42.0,0 days 00:01:31.042000,2.0,12.0,SOFT,,,310.0,260.0,251.0,313.0,True,91.042
HAM,Mercedes,43.0,0 days 00:01:30.545000,2.0,13.0,SOFT,,,316.0,262.0,249.0,323.0,True,90.545
HAM,Mercedes,44.0,0 days 00:01:31.589000,2.0,14.0,SOFT,,,308.0,260.0,248.0,299.0,True,91.589
HAM,Mercedes,45.0,0 days 00:01:31.359000,2.0,15.0,SOFT,,,297.0,261.0,247.0,298.0,True,91.359
HAM,Mercedes,46.0,0 days 00:01:31.559000,2.0,16.0,SOFT,,,295.0,259.0,248.0,298.0,True,91.559
HAM,Mercedes,47.0,0 days 00:01:31.248000,2.0,17.0,SOFT,,,296.0,261.0,249.0,298.0,True,91.248
HAM,Mercedes,48.0,0 days 00:01:31.152000,2.0,18.0,SOFT,,,298.0,259.0,249.0,301.0,True,91.152
HAM,Mercedes,49.0,0 days 00:01:31.286000,2.0,19.0,SOFT,,,297.0,260.0,249.0,297.0,True,91.286
HAM,Mercedes,50.0,0 days 00:01:31.526000,2.0,20.0,SOFT,,,297.0,258.0,248.0,298.0,True,91.526
HAM,Mercedes,51.0,0 days 00:01:31.703000,2.0,21.0,SOFT,,,297.0,258.0,248.0,295.0,True,91.703
HAM,Mercedes,52.0,0 days 00:01:31.823000,2.0,22.0,SOFT,,,296.0,259.0,248.0,305.0,True,91.823
SAI,Ferrari,2.0,0 days 00:01:34.177000,1.0,2.0,MEDIUM,,,296.0,255.0,245.0,301.0,True,94.177
SAI,Ferrari,3.0,0 days 00:01:33.456000,1.0,3.0,MEDIUM,,,314.0,255.0,246.0,305.0,True,93.456
SAI,Ferrari,4.0,0 days 00:01:32.975000,1.0,4.0,MEDIUM,,,312.0,257.0,246.0,319.0,True,92.975
SAI,Ferrari,5.0,0 days 00:01:33.666000,1.0,5.0,MEDIUM,,,312.0,258.0,243.0,320.0,True,93.666
SAI,Ferrari,6.0,0 days 00:01:34.215000,1.0,6.0,MEDIUM,,,314.0,256.0,246.0,319.0,True,94.215
SAI,Ferrari,7.0,0 days 00:01:33.427000,1.0,7.0,MEDIUM,,,314.0,257.0,246.0,322.0,True,93.427
SAI,Ferrari,8.0,0 days 00:01:33.442000,1.0,8.0,MEDIUM,,,313.0,255.0,246.0,304.0,True,93.442
SAI,Ferrari,9.0,0 days 00:01:33.417000,1.0,9.0,MEDIUM,,,298.0,255.0,245.0,304.0,True,93.417
SAI,Ferrari,10.0,0 days 00:01:33.405000,1.0,10.0,MEDIUM,,,297.0,255.0,245.0,301.0,True,93.405
SAI,Ferrari,11.0,0 days 00:01:33.279000,1.0,11.0,MEDIUM,,,295.0,256.0,245.0,304.0,True,93.279
SAI,Ferrari,12.0,0 days 00:01:33.323000,1.0,12.0,MEDIUM,,,298.0,255.0,246.0,303.0,True,93.323
SAI,Ferrari,13.0,0 days 00:01:33.105000,1.0,13.0,MEDIUM,,,297.0,257.0,246.0,300.0,True,93.105
SAI,Ferrari,14.0,0 days 00:01:33.941000,1.0,14.0,MEDIUM,,,293.0,255.0,246.0,298.0,True,93.941
SAI,Ferrari,15.0,0 days 00:01:33.623000,1.0,15.0,MEDIUM,,,291.0,255.0,247.0,299.0,True,93.623
SAI,Ferrari,16.0,0 days 00:01:33.498000,1.0,16.0,MEDIUM,,,290.0,255.0,247.0,297.0,True,93.498
SAI,Ferrari,17.0,0 days 00:01:33.076000,1.0,17.0,MEDIUM,,,291.0,257.0,247.0,299.0,True,93.076
SAI,Ferrari,18.0,0 days 00:01:33.302000,1.0,18.0,MEDIUM,,,291.0,257.0,247.0,298.0,True,93.302
SAI,Ferrari,19.0,0 days 00:01:33.242000,1.0,19.0,MEDIUM,,,289.0,255.0,248.0,297.0,True,93.242
SAI,Ferrari,20.0,0 days 00:01:33.007000,1.0,20.0,MEDIUM,,,290.0,255.0,248.0,299.0,True,93.007
SAI,Ferrari,21.0,0 days 00:01:33.261000,1.0,21.0,MEDIUM,,,290.0,256.0,245.0,297.0,True,93.261
SAI,Ferrari,22.0,0 days 00:01:32.871000,1.0,22.0,MEDIUM,,,293.0,256.0,247.0,300.0,True,92.871
SAI,Ferrari,23.0,0 days 00:01:32.755000,1.0,23.0,MEDIUM,,,295.0,256.0,247.0,302.0,True,92.755
SAI,Ferrari,24.0,0 days 00:01:32.770000,1.0,24.0,MEDIUM,,,295.0,256.0,247.0,303.0,True,92.77
SAI,Ferrari,25.0,0 days 00:01:33.133000,1.0,25.0,MEDIUM,,,295.0,257.0,247.0,303.0,True,93.133
SAI,Ferrari,28.0,0 days 00:01:32.220000,2.0,2.0,HARD,,,289.0,257.0,249.0,299.0,True,92.22
SAI,Ferrari,29.0,0 days 00:01:31.945000,2.0,3.0,HARD,,,293.0,262.0,250.0,321.0,True,91.945
SAI,Ferrari,30.0,0 days 00:01:32.129000,2.0,4.0,HARD,,,309.0,259.0,249.0,301.0,True,92.129
SAI,Ferrari,31.0,0 days 00:01:32.494000,2.0,5.0,HARD,,,292.0,257.0,248.0,301.0,True,92.494
SAI,Ferrari,39.0,0 days 00:01:32.459000,2.0,13.0,HARD,,,308.0,259.0,250.0,309.0,True,92.459
SAI,Ferrari,40.0,0 days 00:01:31.783000,2.0,14.0,HARD,,,296.0,261.0,250.0,304.0,True,91.783
SAI,Ferrari,41.0,0 days 00:01:31.427000,2.0,15.0,HARD,,,315.0,264.0,249.0,323.0,True,91.427
SAI,Ferrari,42.0,0 days 00:01:31.643000,2.0,16.0,HARD,,,313.0,258.0,252.0,321.0,True,91.643
SAI,Ferrari,43.0,0 days 00:01:32.890000,2.0,17.0,HARD,,,314.0,262.0,238.0,323.0,True,92.89
SAI,Ferrari,44.0,0 days 00:01:34.622000,2.0,18.0,HARD,,,330.0,256.0,248.0,321.0,True,94.622
SAI,Ferrari,45.0,0 days 00:01:32.606000,2.0,19.0,HARD,,,316.0,260.0,250.0,305.0,True,92.606
SAI,Ferrari,46.0,0 days 00:01:31.906000,2.0,20.0,HARD,,,296.0,259.0,248.0,302.0,True,91.906
SAI,Ferrari,47.0,0 days 00:01:31.592000,2.0,21.0,HARD,,,299.0,257.0,250.0,305.0,True,91.592
SAI,Ferrari,48.0,0 days 00:01:31.438000,2.0,22.0,HARD,,,299.0,259.0,248.0,305.0,True,91.438
SAI,Ferrari,49.0,0 days 00:01:31.723000,2.0,23.0,HARD,,,299.0,260.0,250.0,304.0,True,91.723
SAI,Ferrari,50.0,0 days 00:01:31.408000,2.0,24.0,HARD,,,304.0,257.0,248.0,311.0,True,91.408
SAI,Ferrari,51.0,0 days 00:01:31.366000,2.0,25.0,HARD,,,306.0,260.0,249.0,311.0,True,91.366
SAI,Ferrari,52.0,0 days 00:01:31.880000,2.0,26.0,HARD,,,306.0,260.0,249.0,315.0,True,91.88
RUS,Mercedes,2.0,0 days 00:01:34.115000,1.0,5.0,SOFT,,,290.0,254.0,245.0,305.0,True,94.115
RUS,Mercedes,3.0,0 days 00:01:33.096000,1.0,6.0,SOFT,,,312.0,257.0,245.0,319.0,True,93.096
RUS,Mercedes,4.0,0 days 00:01:33.084000,1.0,7.0,SOFT,,,298.0,256.0,246.0,317.0,True,93.084
RUS,Mercedes,5.0,0 days 00:01:34.211000,1.0,8.0,SOFT,,,321.0,257.0,244.0,322.0,True,94.211
RUS,Mercedes,6.0,0 days 00:01:33.839000,1.0,9.0,SOFT,,,309.0,256.0,246.0,310.0,True,93.839
RUS,Mercedes,7.0,0 days 00:01:33.432000,1.0,10.0,SOFT,,,297.0,257.0,245.0,313.0,True,93.432
RUS,Mercedes,8.0,0 days 00:01:33.136000,1.0,11.0,SOFT,,,306.0,258.0,245.0,317.0,True,93.136
RUS,Mercedes,9.0,0 days 00:01:33.154000,1.0,12.0,SOFT,,,309.0,256.0,244.0,320.0,True,93.154
RUS,Mercedes,10.0,0 days 00:01:33.424000,1.0,13.0,SOFT,,,303.0,257.0,245.0,309.0,True,93.424
RUS,Mercedes,11.0,0 days 00:01:33.089000,1.0,14.0,SOFT,,,306.0,258.0,245.0,311.0,True,93.089
RUS,Mercedes,12.0,0 days 00:01:33.354000,1.0,15.0,SOFT,,,297.0,257.0,245.0,309.0,True,93.354
RUS,Mercedes,13.0,0 days 00:01:33.159000,1.0,16.0,SOFT,,,307.0,258.0,245.0,306.0,True,93.159
RUS,Mercedes,14.0,0 days 00:01:33.729000,1.0,17.0,SOFT,,,309.0,256.0,245.0,310.0,True,93.729
RUS,Mercedes,15.0,0 days 00:01:33.270000,1.0,18.0,SOFT,,,308.0,258.0,246.0,316.0,True,93.27
RUS,Mercedes,16.0,0 days 00:01:33.309000,1.0,19.0,SOFT,,,316.0,258.0,245.0,323.0,True,93.309
RUS,Mercedes,17.0,0 days 00:01:33.174000,1.0,20.0,SOFT,,,308.0,258.0,246.0,314.0,True,93.174
RUS,Mercedes,18.0,0 days 00:01:33.072000,1.0,21.0,SOFT,,,309.0,258.0,247.0,315.0,True,93.072
RUS,Mercedes,19.0,0 days 00:01:32.807000,1.0,22.0,SOFT,,,293.0,254.0,246.0,300.0,True,92.807
RUS,Mercedes,20.0,0 days 00:01:32.803000,1.0,23.0,SOFT,,,293.0,252.0,247.0,297.0,True,92.803
RUS,Mercedes,21.0,0 days 00:01:32.850000,1.0,24.0,SOFT,,,293.0,254.0,247.0,297.0,True,92.85
RUS,Mercedes,22.0,0 days 00:01:32.568000,1.0,25.0,SOFT,,,292.0,254.0,247.0,297.0,True,92.568
RUS,Mercedes,23.0,0 days 00:01:32.683000,1.0,26.0,SOFT,,,293.0,254.0,247.0,297.0,True,92.683
RUS,Mercedes,24.0,0 days 00:01:32.852000,1.0,27.0,SOFT,,,292.0,254.0,246.0,297.0,True,92.852
RUS,Mercedes,25.0,0 days 00:01:32.863000,1.0,28.0,SOFT,,,293.0,255.0,247.0,302.0,True,92.863
RUS,Mercedes,26.0,0 days 00:01:32.958000,1.0,29.0,SOFT,,,293.0,255.0,247.0,300.0,True,92.958
RUS,Mercedes,27.0,0 days 00:01:33.062000,1.0,30.0,SOFT,,,293.0,253.0,247.0,301.0,True,93.062
RUS,Mercedes,30.0,0 days 00:01:31.510000,2.0,2.0,MEDIUM,,,293.0,261.0,249.0,318.0,True,91.51
RUS,Mercedes,31.0,0 days 00:01:31.800000,2.0,3.0,MEDIUM,,,318.0,258.0,249.0,305.0,True,91.8
RUS,Mercedes,39.0,0 days 00:01:31.848000,2.0,11.0,MEDIUM,,,311.0,260.0,251.0,309.0,True,91.848
RUS,Mercedes,40.0,0 days 00:01:31.606000,2.0,12.0,MEDIUM,,,299.0,260.0,251.0,309.0,True,91.606
RUS,Mercedes,41.0,0 days 00:01:31.124000,2.0,13.0,MEDIUM,,,316.0,265.0,251.0,324.0,True,91.124
RUS,Mercedes,42.0,0 days 00:01:31.188000,2.0,14.0,MEDIUM,,,301.0,263.0,251.0,320.0,True,91.188
RUS,Mercedes,43.0,0 days 00:01:31.231000,2.0,15.0,MEDIUM,,,301.0,262.0,250.0,308.0,True,91.231
RUS,Mercedes,44.0,0 days 00:01:31.568000,2.0,16.0,MEDIUM,,,299.0,259.0,249.0,305.0,True,91.568
RUS,Mercedes,45.0,0 days 00:01:31.718000,2.0,17.0,MEDIUM,,,308.0,262.0,248.0,304.0,True,91.718
RUS,Mercedes,46.0,0 days 00:01:31.984000,2.0,18.0,MEDIUM,,,296.0,260.0,248.0,299.0,True,91.984
RUS,Mercedes,47.0,0 days 00:01:31.644000,2.0,19.0,MEDIUM,,,299.0,260.0,250.0,301.0,True,91.644
RUS,Mercedes,48.0,0 days 00:01:31.569000,2.0,20.0,MEDIUM,,,299.0,260.0,251.0,300.0,True,91.569
RUS,Mercedes,49.0,0 days 00:01:31.612000,2.0,21.0,MEDIUM,,,300.0,260.0,250.0,298.0,True,91.612
RUS,Mercedes,50.0,0 days 00:01:31.421000,2.0,22.0,MEDIUM,,,302.0,261.0,249.0,301.0,True,91.421
RUS,Mercedes,51.0,0 days 00:01:31.563000,2.0,23.0,MEDIUM,,,302.0,259.0,250.0,302.0,True,91.563
RUS,Mercedes,52.0,0 days 00:01:31.433000,2.0,24.0,MEDIUM,,,305.0,262.0,250.0,308.0,True,91.433
BOT,Alfa Romeo,2.0,0 days 00:01:36.741000,1.0,2.0,HARD,,,304.0,252.0,242.0,299.0,True,96.741
BOT,Alfa Romeo,3.0,0 days 00:01:34.865000,1.0,3.0,HARD,,,314.0,255.0,244.0,322.0,True,94.865
BOT,Alfa Romeo,4.0,0 days 00:01:34.611000,1.0,4.0,HARD,,,307.0,254.0,245.0,318.0,True,94.611
BOT,Alfa Romeo,5.0,0 days 00:01:34.804000,1.0,5.0,HARD,,,308.0,254.0,245.0,317.0,True,94.804
BOT,Alfa Romeo,6.0,0 days 00:01:34.791000,1.0,6.0,HARD,,,288.0,253.0,245.0,298.0,True,94.791
BOT,Alfa Romeo,7.0,0 days 00:01:34.879000,1.0,7.0,HARD,,,304.0,255.0,245.0,316.0,True,94.879
BOT,Alfa Romeo,8.0,0 days 00:01:34.476000,1.0,8.0,HARD,,,303.0,255.0,245.0,312.0,True,94.476
BOT,Alfa Romeo,9.0,0 days 00:01:34.386000,1.0,9.0,HARD,,,288.0,252.0,245.0,299.0,True,94.386
BOT,Alfa Romeo,10.0,0 days 00:01:34.306000,1.0,10.0,HARD,,,287.0,253.0,245.0,297.0,True,94.306
BOT,Alfa Romeo,11.0,0 days 00:01:34.354000,1.0,11.0,HARD,,,288.0,252.0,245.0,297.0,True,94.354
BOT,Alfa Romeo,12.0,0 days 00:01:34.541000,1.0,12.0,HARD,,,287.0,252.0,245.0,291.0,True,94.541
BOT,Alfa Romeo,13.0,0 days 00:01:34.618000,1.0,13.0,HARD,,,283.0,252.0,245.0,288.0,True,94.618
BOT,Alfa Romeo,14.0,0 days 00:01:34.604000,1.0,14.0,HARD,,,283.0,252.0,246.0,293.0,True,94.604
BOT,Alfa Romeo,15.0,0 days 00:01:34.627000,1.0,15.0,HARD,,,283.0,252.0,246.0,293.0,True,94.627
BOT,Alfa Romeo,16.0,0 days 00:01:34.367000,1.0,16.0,HARD,,,283.0,252.0,247.0,292.0,True,94.367
BOT,Alfa Romeo,17.0,0 days 00:01:33.867000,1.0,17.0,HARD,,,284.0,253.0,245.0,293.0,True,93.867
BOT,Alfa Romeo,18.0,0 days 00:01:33.749000,1.0,18.0,HARD,,,284.0,254.0,247.0,293.0,True,93.749
BOT,Alfa Romeo,19.0,0 days 00:01:33.730000,1.0,19.0,HARD,,,284.0,253.0,248.0,298.0,True,93.73
BOT,Alfa Romeo,20.0,0 days 00:01:33.671000,1.0,20.0,HARD,,,284.0,252.0,247.0,294.0,True,93.671
BOT,Alfa Romeo,21.0,0 days 00:01:33.607000,1.0,21.0,HARD,,,284.0,253.0,248.0,297.0,True,93.607
BOT,Alfa Romeo,22.0,0 days 00:01:33.468000,1.0,22.0,HARD,,,284.0,254.0,247.0,296.0,True,93.468
BOT,Alfa Romeo,23.0,0 days 00:01:33.787000,1.0,23.0,HARD,,,285.0,253.0,247.0,296.0,True,93.787
BOT,Alfa Romeo,24.0,0 days 00:01:33.464000,1.0,24.0,HARD,,,285.0,253.0,247.0,300.0,True,93.464
BOT,Alfa Romeo,25.0,0 days 00:01:33.292000,1.0,25.0,HARD,,,283.0,254.0,247.0,295.0,True,93.292
BOT,Alfa Romeo,26.0,0 days 00:01:33.470000,1.0,26.0,HARD,,,283.0,253.0,247.0,294.0,True,93.47
BOT,Alfa Romeo,27.0,0 days 00:01:33.588000,1.0,27.0,HARD,,,284.0,254.0,248.0,296.0,True,93.588
BOT,Alfa Romeo,28.0,0 days 00:01:33.500000,1.0,28.0,HARD,,,284.0,250.0,248.0,293.0,True,93.5
BOT,Alfa Romeo,29.0,0 days 00:01:33.351000,1.0,29.0,HARD,,,284.0,255.0,249.0,293.0,True,93.351
BOT,Alfa Romeo,30.0,0 days 00:01:33.367000,1.0,30.0,HARD,,,283.0,255.0,248.0,294.0,True,93.367
BOT,Alfa Romeo,31.0,0 days 00:01:33.440000,1.0,31.0,HARD,,,282.0,255.0,248.0,294.0,True,93.44
BOT,Alfa Romeo,39.0,0 days 00:01:32.618000,2.0,7.0,SOFT,,,303.0,258.0,251.0,312.0,True,92.618
BOT,Alfa Romeo,40.0,0 days 00:01:33.056000,2.0,8.0,SOFT,,,294.0,256.0,251.0,304.0,True,93.056
BOT,Alfa Romeo,41.0,0 days 00:01:32.229000,2.0,9.0,SOFT,,,313.0,262.0,251.0,323.0,True,92.229
BOT,Alfa Romeo,42.0,0 days 00:01:31.902000,2.0,10.0,SOFT,,,311.0,262.0,250.0,321.0,True,91.902
BOT,Alfa Romeo,43.0,0 days 00:01:32.047000,2.0,11.0,SOFT,,,294.0,260.0,249.0,302.0,True,92.047
BOT,Alfa Romeo,44.0,0 days 00:01:32.563000,2.0,12.0,SOFT,,,296.0,256.0,248.0,304.0,True,92.563
BOT,Alfa Romeo,45.0,0 days 00:01:33.177000,2.0,13.0,SOFT,,,299.0,261.0,234.0,304.0,True,93.177
BOT,Alfa Romeo,46.0,0 days 00:01:32.284000,2.0,14.0,SOFT,,,291.0,259.0,249.0,301.0,True,92.284
BOT,Alfa Romeo,47.0,0 days 00:01:32.079000,2.0,15.0,SOFT,,,291.0,257.0,249.0,297.0,True,92.079
BOT,Alfa Romeo,48.0,0 days 00:01:31.974000,2.0,16.0,SOFT,,,290.0,259.0,249.0,300.0,True,91.974
BOT,Alfa Romeo,49.0,0 days 00:01:32.167000,2.0,17.0,SOFT,,,290.0,259.0,250.0,298.0,True,92.167
BOT,Alfa Romeo,50.0,0 days 00:01:32.163000,2.0,18.0,SOFT,,,290.0,258.0,249.0,299.0,True,92.163
BOT,Alfa Romeo,51.0,0 days 00:01:32.133000,2.0,19.0,SOFT,,,288.0,261.0,251.0,295.0,True,92.133
BOT,Alfa Romeo,52.0,0 days 00:01:31.852000,2.0,20.0,SOFT,,,293.0,261.0,248.0,307.0,True,91.852
PIA,McLaren,2.0,0 days 00:01:33.845000,1.0,2.0,MEDIUM,,,293.0,254.0,246.0,291.0,True,93.845
PIA,McLaren,3.0,0 days 00:01:32.499000,1.0,3.0,MEDIUM,,,309.0,257.0,246.0,316.0,True,92.499
PIA,McLaren,4.0,0 days 00:01:32.581000,1.0,4.0,MEDIUM,,,311.0,257.0,246.0,316.0,True,92.581
PIA,McLaren,5.0,0 days 00:01:33.461000,1.0,5.0,MEDIUM,,,311.0,257.0,244.0,318.0,True,93.461
PIA,McLaren,6.0,0 days 00:01:33.008000,1.0,6.0,MEDIUM,,,309.0,258.0,246.0,316.0,True,93.008
PIA,McLaren,7.0,0 days 00:01:33.290000,1.0,7.0,MEDIUM,,,309.0,257.0,245.0,316.0,True,93.29
PIA,McLaren,8.0,0 days 00:01:33.233000,1.0,8.0,MEDIUM,,,312.0,257.0,245.0,315.0,True,93.233
PIA,McLaren,9.0,0 days 00:01:32.790000,1.0,9.0,MEDIUM,,,309.0,259.0,246.0,318.0,True,92.79
PIA,McLaren,10.0,0 days 00:01:33.379000,1.0,10.0,MEDIUM,,,312.0,253.0,245.0,296.0,True,93.379
PIA,McLaren,11.0,0 days 00:01:32.976000,1.0,11.0,MEDIUM,,,296.0,257.0,245.0,297.0,True,92.976
PIA,McLaren,12.0,0 days 00:01:33.464000,1.0,12.0,MEDIUM,,,294.0,255.0,243.0,294.0,True,93.464
PIA,McLaren,13.0,0 days 00:01:33.144000,1.0,13.0,MEDIUM,,,296.0,255.0,243.0,292.0,True,93.144
PIA,McLaren,14.0,0 days 00:01:33.603000,1.0,14.0,MEDIUM,,,290.0,255.0,244.0,294.0,True,93.603
PIA,McLaren,15.0,0 days 00:01:33.267000,1.0,15.0,MEDIUM,,,291.0,255.0,244.0,295.0,True,93.267
PIA,McLaren,16.0,0 days 00:01:33.005000,1.0,16.0,MEDIUM,,,292.0,255.0,245.0,298.0,True,93.005
PIA,McLaren,17.0,0 days 00:01:32.775000,1.0,17.0,MEDIUM,,,292.0,257.0,245.0,298.0,True,92.775
PIA,McLaren,18.0,0 days 00:01:33.019000,1.0,18.0,MEDIUM,,,291.0,254.0,245.0,297.0,True,93.019
PIA,McLaren,19.0,0 days 00:01:32.880000,1.0,19.0,MEDIUM,,,291.0,256.0,246.0,299.0,True,92.88
PIA,McLaren,20.0,0 days 00:01:32.660000,1.0,20.0,MEDIUM,,,291.0,255.0,247.0,298.0,True,92.66
PIA,McLaren,21.0,0 days 00:01:32.749000,1.0,21.0,MEDIUM,,,292.0,254.0,247.0,298.0,True,92.749
PIA,McLaren,22.0,0 days 00:01:32.537000,1.0,22.0,MEDIUM,,,291.0,256.0,246.0,296.0,True,92.537
PIA,McLaren,23.0,0 days 00:01:32.732000,1.0,23.0,MEDIUM,,,291.0,255.0,247.0,297.0,True,92.732
PIA,McLaren,24.0,0 days 00:01:32.676000,1.0,24.0,MEDIUM,,,291.0,257.0,246.0,300.0,True,92.676
PIA,McLaren,25.0,0 days 00:01:32.809000,1.0,25.0,MEDIUM,,,293.0,257.0,246.0,300.0,True,92.809
PIA,McLaren,26.0,0 days 00:01:33.052000,1.0,26.0,MEDIUM,,,293.0,256.0,245.0,302.0,True,93.052
PIA,McLaren,27.0,0 days 00:01:32.844000,1.0,27.0,MEDIUM,,,293.0,256.0,247.0,300.0,True,92.844
PIA,McLaren,28.0,0 days 00:01:33.190000,1.0,28.0,MEDIUM,,,291.0,257.0,248.0,298.0,True,93.19
PIA,McLaren,31.0,0 days 00:01:31.680000,2.0,2.0,HARD,,,292.0,261.0,248.0,322.0,True,91.68
PIA,McLaren,39.0,0 days 00:01:31.646000,2.0,10.0,HARD,,,302.0,259.0,250.0,306.0,True,91.646
PIA,McLaren,40.0,0 days 00:01:31.475000,2.0,11.0,HARD,,,295.0,260.0,250.0,300.0,True,91.475
PIA,McLaren,41.0,0 days 00:01:30.850000,2.0,12.0,HARD,,,313.0,262.0,250.0,308.0,True,90.85
PIA,McLaren,42.0,0 days 00:01:31.178000,2.0,13.0,HARD,,,298.0,260.0,251.0,303.0,True,91.178
PIA,McLaren,43.0,0 days 00:01:31.011000,2.0,14.0,HARD,,,300.0,262.0,249.0,305.0,True,91.011
PIA,McLaren,44.0,0 days 00:01:31.465000,2.0,15.0,HARD,,,298.0,260.0,249.0,303.0,True,91.465
PIA,McLaren,45.0,0 days 00:01:31.406000,2.0,16.0,HARD,,,300.0,263.0,248.0,302.0,True,91.406
PIA,McLaren,46.0,0 days 00:01:31.496000,2.0,17.0,HARD,,,298.0,262.0,246.0,302.0,True,91.496
PIA,McLaren,47.0,0 days 00:01:31.427000,2.0,18.0,HARD,,,299.0,260.0,248.0,300.0,True,91.427
PIA,McLaren,48.0,0 days 00:01:31.159000,2.0,19.0,HARD,,,300.0,261.0,250.0,302.0,True,91.159
PIA,McLaren,49.0,0 days 00:01:31.422000,2.0,20.0,HARD,,,298.0,262.0,249.0,298.0,True,91.422
PIA,McLaren,50.0,0 days 00:01:31.752000,2.0,21.0,HARD,,,301.0,261.0,246.0,303.0,True,91.752
PIA,McLaren,51.0,0 days 00:01:31.305000,2.0,22.0,HARD,,,300.0,262.0,250.0,299.0,True,91.305
PIA,McLaren,52.0,0 days 00:01:30.941000,2.0,23.0,HARD,,,303.0,261.0,250.0,309.0,True,90.941
